Date,Open,High,Low,Close,Adj Close,Volume,Day,Day of the week
12/20/2012,3.48,3.53,3.46,3.48,3.48,102000,5,Thursday
12/21/2012,3.44,3.44,3.36,3.41,3.41,199800,6,Friday
12/24/2012,3.38,3.41,3.33,3.36,3.36,87000,2,Monday
12/26/2012,3.35,3.47,3.34,3.38,3.38,110500,4,Wednesday
12/27/2012,3.35,3.38,3.24,3.3,3.3,268700,5,Thursday
12/28/2012,3.26,3.3,3.15,3.2,3.2,217400,6,Friday
12/31/2012,3.11,3.2,3.08,3.16,3.16,336500,2,Monday
1/2/2013,3.26,3.41,3.26,3.33,3.33,255800,4,Wednesday
1/3/2013,3.3,3.38,3.27,3.31,3.31,128700,5,Thursday
1/4/2013,3.32,3.54,3.28,3.54,3.54,146300,6,Friday
1/7/2013,3.54,3.99,3.48,3.98,3.98,364200,2,Monday
1/8/2013,3.99,4,3.83,3.9,3.9,126600,3,Tuesday
1/9/2013,3.93,3.93,3.67,3.9,3.9,179200,4,Wednesday
1/10/2013,3.95,4.25,3.9,4.1,4.1,608100,5,Thursday
1/11/2013,4.14,4.26,3.9,3.95,3.95,280200,6,Friday
1/14/2013,3.98,4.13,3.93,3.99,3.99,171700,2,Monday
1/15/2013,3.96,4.12,3.91,4.02,4.02,150300,3,Tuesday
1/16/2013,4.04,4.05,3.87,3.93,3.93,171000,4,Wednesday
1/17/2013,3.93,4.04,3.92,3.97,3.97,216100,5,Thursday
1/18/2013,4.06,4.14,3.98,4.03,4.03,232700,6,Friday
1/22/2013,4.02,4.03,3.83,3.88,3.88,207100,3,Tuesday
1/23/2013,3.87,3.87,3.67,3.73,3.73,115000,4,Wednesday
1/24/2013,3.77,3.94,3.71,3.86,3.86,484300,5,Thursday
1/25/2013,3.83,3.88,3.71,3.78,3.78,168800,6,Friday
1/28/2013,3.75,3.85,3.65,3.72,3.72,204400,2,Monday
1/29/2013,3.7,3.8,3.56,3.64,3.64,216300,3,Tuesday
1/30/2013,3.74,3.76,3.6,3.64,3.64,173700,4,Wednesday
1/31/2013,3.6,3.63,3.49,3.53,3.53,196500,5,Thursday
2/1/2013,3.61,3.64,3.55,3.61,3.61,119900,6,Friday
2/4/2013,3.6,3.6,3.5,3.51,3.51,158100,2,Monday
2/5/2013,3.55,3.59,3.51,3.55,3.55,109100,3,Tuesday
2/6/2013,3.54,3.57,3.5,3.54,3.54,133800,4,Wednesday
2/7/2013,3.58,3.62,3.55,3.6,3.6,269800,5,Thursday
2/8/2013,3.61,3.72,3.61,3.72,3.72,268600,6,Friday
2/11/2013,3.74,3.78,3.7,3.72,3.72,242000,2,Monday
2/12/2013,3.75,3.75,3.62,3.64,3.64,265500,3,Tuesday
2/13/2013,3.67,3.67,3.5,3.5,3.5,225700,4,Wednesday
2/14/2013,3.54,3.55,3.5,3.55,3.55,199100,5,Thursday
2/15/2013,3.56,3.57,3.5,3.5,3.5,255200,6,Friday
2/19/2013,3.5,3.51,3.42,3.44,3.44,271000,3,Tuesday
2/20/2013,3.41,3.46,3.26,3.32,3.32,596200,4,Wednesday
2/21/2013,3.25,3.35,3.2,3.25,3.25,361500,5,Thursday
2/22/2013,3.25,3.25,3.2,3.21,3.21,139800,6,Friday
2/25/2013,3.27,3.33,3.16,3.19,3.19,195800,2,Monday
2/26/2013,3.25,3.27,3.19,3.25,3.25,175500,3,Tuesday
2/27/2013,3.26,3.35,3.22,3.27,3.27,156400,4,Wednesday
2/28/2013,3.27,3.27,3.14,3.17,3.17,233100,5,Thursday
3/1/2013,3.17,3.17,3.03,3.1,3.1,244400,6,Friday
3/4/2013,3.12,3.12,2.68,2.68,2.68,595100,2,Monday
3/5/2013,2.8,2.88,2.67,2.85,2.85,393900,3,Tuesday
3/6/2013,2.85,2.89,2.68,2.79,2.79,182600,4,Wednesday
3/7/2013,2.85,2.91,2.83,2.87,2.87,255100,5,Thursday
3/8/2013,2.87,2.98,2.83,2.94,2.94,316800,6,Friday
3/11/2013,2.98,3.12,2.95,3.08,3.08,346700,2,Monday
3/12/2013,3.14,3.49,3.11,3.4,3.4,832700,3,Tuesday
3/13/2013,3.42,3.45,3.13,3.15,3.15,167700,4,Wednesday
3/14/2013,3.18,3.21,3.11,3.18,3.18,140400,5,Thursday
3/15/2013,3.2,3.42,3.18,3.41,3.41,238500,6,Friday
3/18/2013,3.48,3.63,3.3,3.37,3.37,268900,2,Monday
3/19/2013,3.36,3.38,3.21,3.24,3.24,171100,3,Tuesday
3/20/2013,3.25,3.29,3.19,3.25,3.25,559800,4,Wednesday
3/21/2013,3.26,3.28,3.23,3.28,3.28,278700,5,Thursday
3/22/2013,3.29,3.31,3.21,3.26,3.26,430100,6,Friday
3/25/2013,3.26,3.3,3.17,3.3,3.3,421700,2,Monday
3/26/2013,3.26,3.3,3.15,3.27,3.27,289700,3,Tuesday
3/27/2013,3.25,3.38,3.22,3.33,3.33,314700,4,Wednesday
3/28/2013,3.35,3.36,3.08,3.17,3.17,258400,5,Thursday
4/1/2013,3.14,3.17,3.06,3.1,3.1,709800,2,Monday
4/2/2013,3.1,3.12,2.93,3.06,3.06,782300,3,Tuesday
4/3/2013,3.01,3.07,2.96,2.99,2.99,355000,4,Wednesday
4/4/2013,3.01,3.04,2.91,2.91,2.91,306700,5,Thursday
4/5/2013,2.89,2.94,2.81,2.89,2.89,152900,6,Friday
4/8/2013,2.86,3,2.82,2.91,2.91,124000,2,Monday
4/9/2013,2.92,2.93,2.83,2.83,2.83,161300,3,Tuesday
4/10/2013,2.84,2.9,2.76,2.82,2.82,177200,4,Wednesday
4/11/2013,2.87,2.91,2.81,2.84,2.84,188100,5,Thursday
4/12/2013,2.81,2.84,2.68,2.7,2.7,339000,6,Friday
4/15/2013,2.64,2.65,2.4,2.54,2.54,884700,2,Monday
4/16/2013,2.59,2.64,2.45,2.5,2.5,331200,3,Tuesday
4/17/2013,2.47,2.58,2.33,2.35,2.35,523300,4,Wednesday
4/18/2013,2.35,2.52,2.27,2.3,2.3,558600,5,Thursday
4/19/2013,2.44,2.49,2.32,2.4,2.4,186300,6,Friday
4/22/2013,2.44,2.45,2.32,2.37,2.37,256100,2,Monday
4/23/2013,2.36,2.45,2.34,2.39,2.39,218500,3,Tuesday
4/24/2013,2.38,2.58,2.38,2.56,2.56,365100,4,Wednesday
4/25/2013,2.64,2.9,2.6,2.71,2.71,765300,5,Thursday
4/26/2013,2.71,2.72,2.64,2.66,2.66,222300,6,Friday
4/29/2013,2.62,2.67,2.56,2.6,2.6,369800,2,Monday
4/30/2013,2.6,2.64,2.45,2.62,2.62,472700,3,Tuesday
5/1/2013,2.6,2.6,2.46,2.46,2.46,211100,4,Wednesday
5/2/2013,2.45,2.58,2.42,2.5,2.5,186600,5,Thursday
5/3/2013,2.51,2.61,2.49,2.56,2.56,130300,6,Friday
5/6/2013,2.55,2.62,2.49,2.53,2.53,94600,2,Monday
5/7/2013,2.54,2.55,2.4,2.42,2.42,154400,3,Tuesday
5/8/2013,2.48,2.55,2.39,2.42,2.42,255100,4,Wednesday
5/9/2013,2.44,2.44,2.33,2.4,2.4,704200,5,Thursday
5/10/2013,2.37,2.4,2.33,2.39,2.39,204400,6,Friday
5/13/2013,2.35,2.39,2.33,2.36,2.36,154800,2,Monday
5/14/2013,2.33,2.36,2.25,2.3,2.3,247500,3,Tuesday
5/15/2013,2.28,2.3,2.24,2.26,2.26,222800,4,Wednesday
5/16/2013,2.25,2.4,2.09,2.33,2.33,174100,5,Thursday
5/17/2013,2.37,2.37,2.24,2.25,2.25,143700,6,Friday
5/20/2013,2.25,2.48,2.25,2.4,2.4,116400,2,Monday
5/21/2013,2.42,2.42,2.31,2.31,2.31,181800,3,Tuesday
5/22/2013,2.36,2.38,2.3,2.31,2.31,132400,4,Wednesday
5/23/2013,2.27,2.32,2.2,2.22,2.22,164000,5,Thursday
5/24/2013,2.24,2.3,2.17,2.3,2.3,181100,6,Friday
5/28/2013,2.32,2.33,2.25,2.28,2.28,127700,3,Tuesday
5/29/2013,2.24,2.49,2.21,2.47,2.47,181400,4,Wednesday
5/30/2013,2.49,2.8,2.44,2.8,2.8,365500,5,Thursday
5/31/2013,2.77,2.82,2.62,2.62,2.62,317600,6,Friday
6/3/2013,2.52,2.63,2.5,2.53,2.53,182800,2,Monday
6/4/2013,2.53,2.59,2.45,2.52,2.52,131000,3,Tuesday
6/5/2013,2.53,2.66,2.53,2.61,2.61,152400,4,Wednesday
6/6/2013,2.67,2.67,2.57,2.59,2.59,106500,5,Thursday
6/7/2013,2.57,2.64,2.52,2.52,2.52,93300,6,Friday
6/10/2013,2.59,2.59,2.52,2.52,2.52,71700,2,Monday
6/11/2013,2.52,2.54,2.38,2.42,2.42,99700,3,Tuesday
6/12/2013,2.44,2.46,2.39,2.43,2.43,60800,4,Wednesday
6/13/2013,2.45,2.49,2.36,2.43,2.43,60800,5,Thursday
6/14/2013,2.42,2.52,2.4,2.43,2.43,77000,6,Friday
6/17/2013,2.43,2.48,2.31,2.38,2.38,130900,2,Monday
6/18/2013,2.35,2.37,2.3,2.34,2.34,62300,3,Tuesday
6/19/2013,2.33,2.47,2.33,2.37,2.37,49400,4,Wednesday
6/20/2013,2.27,2.35,2.2,2.2,2.2,176300,5,Thursday
6/21/2013,2.22,2.3,2.2,2.21,2.21,167000,6,Friday
6/24/2013,2.19,2.21,2.03,2.06,2.06,274700,2,Monday
6/25/2013,2.1,2.13,1.94,1.97,1.97,221400,3,Tuesday
6/26/2013,1.96,1.96,1.85,1.94,1.94,277600,4,Wednesday
6/27/2013,1.95,2.09,1.95,2.07,2.07,393400,5,Thursday
6/28/2013,2.07,2.1,1.96,2.09,2.09,175500,6,Friday
7/1/2013,2.07,2.13,2.06,2.1,2.1,79100,2,Monday
7/2/2013,2.07,2.09,2,2.04,2.04,161600,3,Tuesday
7/3/2013,2.03,2.1,2.01,2.02,2.02,29500,4,Wednesday
7/5/2013,2.04,2.04,1.94,2,2,131400,6,Friday
7/8/2013,2.01,2.07,2,2.03,2.03,81000,2,Monday
7/9/2013,2.05,2.08,2.03,2.05,2.05,54300,3,Tuesday
7/10/2013,2.07,2.11,2.04,2.07,2.07,46200,4,Wednesday
7/11/2013,2.12,2.28,2.12,2.25,2.25,363000,5,Thursday
7/12/2013,2.22,2.28,2.19,2.28,2.28,116400,6,Friday
7/15/2013,2.28,2.4,2.28,2.36,2.36,92300,2,Monday
7/16/2013,2.36,2.43,2.3,2.35,2.35,113500,3,Tuesday
7/17/2013,2.41,2.45,2.29,2.35,2.35,143200,4,Wednesday
7/18/2013,2.31,2.35,2.21,2.3,2.3,155400,5,Thursday
7/19/2013,2.29,2.45,2.25,2.45,2.45,110900,6,Friday
7/22/2013,2.45,2.61,2.43,2.59,2.59,182300,2,Monday
7/23/2013,2.57,2.65,2.49,2.65,2.65,219000,3,Tuesday
7/24/2013,2.64,2.73,2.5,2.55,2.55,182700,4,Wednesday
7/25/2013,2.57,2.58,2.5,2.51,2.51,44700,5,Thursday
7/26/2013,2.46,2.66,2.27,2.47,2.47,64300,6,Friday
7/29/2013,2.46,2.54,2.42,2.52,2.52,67500,2,Monday
7/30/2013,2.53,2.53,2.35,2.42,2.42,104700,3,Tuesday
7/31/2013,2.4,2.41,2.25,2.32,2.32,235600,4,Wednesday
8/1/2013,2.34,2.38,2.25,2.3,2.3,73600,5,Thursday
8/2/2013,2.3,2.3,2.12,2.16,2.16,183200,6,Friday
8/5/2013,2.18,2.28,2.18,2.27,2.27,70100,2,Monday
8/6/2013,2.22,2.22,2.06,2.11,2.11,130000,3,Tuesday
8/7/2013,2.07,2.07,1.98,2,2,232600,4,Wednesday
8/8/2013,2,2.12,2,2.08,2.08,182100,5,Thursday
8/9/2013,2.09,2.1,2.04,2.04,2.04,107300,6,Friday
8/12/2013,2.08,2.18,2.04,2.16,2.16,264300,2,Monday
8/13/2013,2.18,2.18,2.05,2.1,2.1,249700,3,Tuesday
8/14/2013,2.08,2.2,2.08,2.19,2.19,263500,4,Wednesday
8/15/2013,2.19,2.24,2.08,2.17,2.17,194200,5,Thursday
8/16/2013,2.23,2.23,2.1,2.1,2.1,117300,6,Friday
8/19/2013,2.1,2.22,2.06,2.18,2.18,184400,2,Monday
8/20/2013,2.18,2.21,2.16,2.16,2.16,69700,3,Tuesday
8/21/2013,2.16,2.18,2.04,2.04,2.04,173800,4,Wednesday
8/22/2013,2.06,2.13,2.02,2.06,2.06,138800,5,Thursday
8/23/2013,2.08,2.15,2.07,2.12,2.12,100300,6,Friday
8/26/2013,2.18,2.19,1.91,2.15,2.15,381900,2,Monday
8/27/2013,2.17,2.19,2.05,2.09,2.09,171800,3,Tuesday
8/28/2013,2.07,2.12,2.04,2.08,2.08,123000,4,Wednesday
8/29/2013,2.03,2.09,2.01,2.05,2.05,118300,5,Thursday
8/30/2013,2.04,2.05,1.95,2.01,2.01,370600,6,Friday
9/3/2013,2.02,2.1,2.01,2.09,2.09,123200,3,Tuesday
9/4/2013,2.07,2.22,2.06,2.21,2.21,368300,4,Wednesday
9/5/2013,2.2,2.24,2.1,2.11,2.11,97800,5,Thursday
9/6/2013,2.14,2.22,2.14,2.18,2.18,152900,6,Friday
9/9/2013,2.21,2.36,2.15,2.33,2.33,166900,2,Monday
9/10/2013,2.3,2.35,2.23,2.28,2.28,228700,3,Tuesday
9/11/2013,2.26,2.29,2.19,2.28,2.28,97400,4,Wednesday
9/12/2013,2.21,2.25,2.2,2.22,2.22,67300,5,Thursday
9/13/2013,2.21,2.31,2.17,2.22,2.22,80200,6,Friday
9/16/2013,1.66,1.66,1.33,1.49,1.49,4131200,2,Monday
9/17/2013,1.49,1.5,1.45,1.5,1.5,569900,3,Tuesday
9/18/2013,1.48,1.55,1.45,1.53,1.53,511300,4,Wednesday
9/19/2013,1.51,1.52,1.45,1.5,1.5,588000,5,Thursday
9/20/2013,1.5,1.5,1.36,1.38,1.38,676600,6,Friday
9/23/2013,1.44,1.44,1.32,1.34,1.34,378400,2,Monday
9/24/2013,1.32,1.41,1.31,1.35,1.35,273200,3,Tuesday
9/25/2013,1.36,1.42,1.35,1.39,1.39,209300,4,Wednesday
9/26/2013,1.42,1.49,1.42,1.44,1.44,169200,5,Thursday
9/27/2013,1.48,1.49,1.45,1.45,1.45,116600,6,Friday
9/30/2013,1.47,1.48,1.45,1.46,1.46,211100,2,Monday
10/1/2013,1.48,1.69,1.48,1.64,1.64,682400,3,Tuesday
10/2/2013,1.62,1.93,1.62,1.77,1.77,784200,4,Wednesday
10/3/2013,1.81,1.81,1.65,1.66,1.66,320100,5,Thursday
10/4/2013,1.67,1.72,1.5,1.61,1.61,391300,6,Friday
10/7/2013,1.59,1.61,1.53,1.55,1.55,191400,2,Monday
10/8/2013,1.53,1.56,1.46,1.47,1.47,230000,3,Tuesday
10/9/2013,1.46,1.5,1.44,1.47,1.47,167200,4,Wednesday
10/10/2013,1.48,1.55,1.47,1.47,1.47,190100,5,Thursday
10/11/2013,1.46,1.51,1.43,1.43,1.43,106500,6,Friday
10/14/2013,1.43,1.51,1.43,1.43,1.43,118700,2,Monday
10/15/2013,1.44,1.5,1.42,1.44,1.44,245400,3,Tuesday
10/16/2013,1.43,1.5,1.41,1.43,1.43,127500,4,Wednesday
10/17/2013,1.45,1.52,1.45,1.48,1.48,124100,5,Thursday
10/18/2013,1.49,1.5,1.43,1.47,1.47,131200,6,Friday
10/21/2013,1.48,1.48,1.43,1.43,1.43,75200,2,Monday
10/22/2013,1.47,1.49,1.43,1.49,1.49,103100,3,Tuesday
10/23/2013,1.48,1.49,1.43,1.49,1.49,123600,4,Wednesday
10/24/2013,1.49,1.61,1.49,1.57,1.57,204300,5,Thursday
10/25/2013,1.56,1.56,1.48,1.5,1.5,149300,6,Friday
10/28/2013,1.48,1.48,1.43,1.44,1.44,266800,2,Monday
10/29/2013,1.45,1.47,1.4,1.43,1.43,267000,3,Tuesday
10/30/2013,1.44,1.44,1.36,1.39,1.39,258600,4,Wednesday
10/31/2013,1.37,1.4,1.35,1.35,1.35,179100,5,Thursday
11/1/2013,1.35,1.35,1.33,1.35,1.35,165200,6,Friday
11/4/2013,1.35,1.35,1.26,1.34,1.34,284600,2,Monday
11/5/2013,1.33,1.38,1.29,1.36,1.36,258500,3,Tuesday
11/6/2013,1.36,1.41,1.35,1.39,1.39,325400,4,Wednesday
11/7/2013,1.38,1.39,1.34,1.35,1.35,161100,5,Thursday
11/8/2013,1.35,1.37,1.31,1.34,1.34,111000,6,Friday
11/11/2013,1.33,1.4,1.32,1.35,1.35,65400,2,Monday
11/12/2013,1.37,1.39,1.3,1.34,1.34,192200,3,Tuesday
11/13/2013,1.36,1.39,1.32,1.32,1.32,119600,4,Wednesday
11/14/2013,1.34,1.36,1.3,1.3,1.3,210700,5,Thursday
11/15/2013,1.3,1.32,1.23,1.23,1.23,438200,6,Friday
11/18/2013,1.23,1.3,1.23,1.26,1.26,310100,2,Monday
11/19/2013,1.24,1.28,1.2,1.21,1.21,158100,3,Tuesday
11/20/2013,1.19,1.2,1.06,1.1,1.1,519300,4,Wednesday
11/21/2013,1.09,1.13,1.07,1.13,1.13,442500,5,Thursday
11/22/2013,1.12,1.16,1.1,1.1,1.1,453400,6,Friday
11/25/2013,1.1,1.15,1.1,1.11,1.11,235400,2,Monday
11/26/2013,1.12,1.21,1.09,1.15,1.15,1157100,3,Tuesday
11/27/2013,1.18,1.21,1.15,1.15,1.15,136300,4,Wednesday
11/29/2013,1.18,1.19,1.16,1.18,1.18,134700,6,Friday
12/2/2013,1.15,1.19,1.13,1.13,1.13,185700,2,Monday
12/3/2013,1.13,1.16,1.1,1.12,1.12,266100,3,Tuesday
12/4/2013,1.13,1.17,1.1,1.11,1.11,190600,4,Wednesday
12/5/2013,1.13,1.14,1.1,1.14,1.14,260800,5,Thursday
12/6/2013,1.16,1.16,1.13,1.13,1.13,122100,6,Friday
12/9/2013,1.12,1.15,1.12,1.12,1.12,99900,2,Monday
12/10/2013,1.16,1.18,1.1,1.13,1.13,258600,3,Tuesday
12/11/2013,1.11,1.13,1.05,1.09,1.09,515500,4,Wednesday
12/12/2013,1.09,1.12,1,1.03,1.03,628000,5,Thursday
12/13/2013,1.06,1.16,1.06,1.14,1.14,489400,6,Friday
12/16/2013,1.18,1.29,1.17,1.23,1.23,462600,2,Monday
12/17/2013,1.24,1.27,1.21,1.27,1.27,168100,3,Tuesday
12/18/2013,1.27,1.33,1.2,1.3,1.3,235100,4,Wednesday
12/19/2013,1.3,1.39,1.28,1.36,1.36,464400,5,Thursday
12/20/2013,1.36,1.68,1.36,1.63,1.63,1121000,6,Friday
12/23/2013,1.5,1.65,1.27,1.34,1.34,1856000,2,Monday
12/24/2013,1.31,1.36,1.3,1.33,1.33,338500,3,Tuesday
12/26/2013,1.33,1.35,1.2,1.2,1.2,446000,5,Thursday
12/27/2013,1.3,1.3,1.22,1.22,1.22,413700,6,Friday
12/30/2013,1.22,1.3,1.22,1.26,1.26,440500,2,Monday
12/31/2013,1.3,1.33,1.28,1.28,1.28,299100,3,Tuesday
1/2/2014,1.3,1.38,1.3,1.35,1.35,277900,5,Thursday
1/3/2014,1.35,1.48,1.35,1.43,1.43,340500,6,Friday
1/6/2014,1.43,1.46,1.38,1.38,1.38,201900,2,Monday
1/7/2014,1.38,1.4,1.33,1.33,1.33,162400,3,Tuesday
1/8/2014,1.35,1.36,1.28,1.33,1.33,213000,4,Wednesday
1/9/2014,1.31,1.33,1.29,1.31,1.31,98900,5,Thursday
1/10/2014,1.28,1.34,1.27,1.34,1.34,226800,6,Friday
1/13/2014,1.33,1.4,1.32,1.4,1.4,292000,2,Monday
1/14/2014,1.4,1.43,1.38,1.4,1.4,218000,3,Tuesday
1/15/2014,1.39,1.4,1.36,1.38,1.38,204200,4,Wednesday
1/16/2014,1.38,1.4,1.34,1.39,1.39,243000,5,Thursday
1/17/2014,1.4,1.41,1.38,1.39,1.39,472400,6,Friday
1/21/2014,1.39,1.4,1.34,1.38,1.38,408200,3,Tuesday
1/22/2014,1.4,1.4,1.33,1.38,1.38,142600,4,Wednesday
1/23/2014,1.33,1.44,1.31,1.37,1.37,713600,5,Thursday
1/24/2014,1.35,1.4,1.3,1.38,1.38,315200,6,Friday
1/27/2014,1.38,1.39,1.34,1.37,1.37,145300,2,Monday
1/28/2014,1.36,1.4,1.34,1.39,1.39,157200,3,Tuesday
1/29/2014,1.4,1.42,1.36,1.41,1.41,89600,4,Wednesday
1/30/2014,1.4,1.4,1.37,1.38,1.38,133900,5,Thursday
1/31/2014,1.36,1.38,1.34,1.35,1.35,185500,6,Friday
2/3/2014,1.34,1.38,1.26,1.3,1.3,407400,2,Monday
2/4/2014,1.32,1.33,1.28,1.3,1.3,218800,3,Tuesday
2/5/2014,1.32,1.32,1.26,1.29,1.29,197700,4,Wednesday
2/6/2014,1.25,1.3,1.25,1.28,1.28,654900,5,Thursday
2/7/2014,1.27,1.31,1.26,1.27,1.27,238100,6,Friday
2/10/2014,1.27,1.39,1.27,1.35,1.35,399400,2,Monday
2/11/2014,1.34,1.41,1.31,1.39,1.39,218100,3,Tuesday
2/12/2014,1.4,1.41,1.37,1.39,1.39,213300,4,Wednesday
2/13/2014,1.37,1.41,1.36,1.4,1.4,240100,5,Thursday
2/14/2014,1.41,1.46,1.39,1.45,1.45,400600,6,Friday
2/18/2014,1.48,1.68,1.46,1.64,1.64,712000,3,Tuesday
2/19/2014,1.66,1.7,1.6,1.62,1.62,610900,4,Wednesday
2/20/2014,1.6,1.63,1.57,1.61,1.61,148100,5,Thursday
2/21/2014,1.6,1.61,1.51,1.51,1.51,325500,6,Friday
2/24/2014,1.56,1.62,1.52,1.54,1.54,211900,2,Monday
2/25/2014,1.52,1.53,1.48,1.5,1.5,270700,3,Tuesday
2/26/2014,1.48,1.5,1.47,1.49,1.49,91800,4,Wednesday
2/27/2014,1.5,1.51,1.47,1.49,1.49,84000,5,Thursday
2/28/2014,1.47,1.48,0.96,1,1,1925100,6,Friday
3/3/2014,1,1.02,0.81,0.84,0.84,3078700,2,Monday
3/4/2014,0.87,1.01,0.8,0.98,0.98,1258600,3,Tuesday
3/5/2014,0.99,1,0.93,0.99,0.99,510200,4,Wednesday
3/6/2014,0.96,1.02,0.96,0.97,0.97,354600,5,Thursday
3/7/2014,0.97,0.98,0.93,0.95,0.95,201100,6,Friday
3/10/2014,0.96,0.98,0.92,0.95,0.95,236200,2,Monday
3/11/2014,0.94,0.96,0.91,0.91,0.91,273400,3,Tuesday
3/12/2014,0.92,0.96,0.91,0.94,0.94,363000,4,Wednesday
3/13/2014,0.94,0.98,0.9,0.98,0.98,253900,5,Thursday
3/14/2014,0.99,1,0.94,0.98,0.98,142400,6,Friday
3/17/2014,0.96,1.04,0.96,0.97,0.97,476100,2,Monday
3/18/2014,0.96,0.99,0.95,0.95,0.95,109600,3,Tuesday
3/19/2014,0.95,0.97,0.91,0.92,0.92,141600,4,Wednesday
3/20/2014,0.93,0.95,0.91,0.93,0.93,105000,5,Thursday
3/21/2014,0.93,1.1,0.93,1.1,1.1,539700,6,Friday
3/24/2014,1.08,1.08,0.95,0.97,0.97,408700,2,Monday
3/25/2014,0.97,1.02,0.95,1,1,148600,3,Tuesday
3/26/2014,1,1,0.96,0.96,0.96,86100,4,Wednesday
3/27/2014,0.96,0.99,0.96,0.97,0.97,101800,5,Thursday
3/28/2014,0.97,1.01,0.95,0.97,0.97,39400,6,Friday
3/31/2014,1,1.01,0.97,0.98,0.98,281900,2,Monday
4/1/2014,1,1,0.97,1,1,59500,3,Tuesday
4/2/2014,1,1.01,0.98,0.99,0.99,154400,4,Wednesday
4/3/2014,0.99,0.99,0.95,0.95,0.95,76000,5,Thursday
4/4/2014,0.97,0.97,0.95,0.95,0.95,57500,6,Friday
4/7/2014,0.94,0.94,0.87,0.88,0.88,672500,2,Monday
4/8/2014,0.88,0.92,0.86,0.9,0.9,163900,3,Tuesday
4/9/2014,0.87,0.91,0.85,0.87,0.87,133700,4,Wednesday
4/10/2014,0.86,0.86,0.82,0.83,0.83,259000,5,Thursday
4/11/2014,0.83,0.85,0.81,0.83,0.83,194000,6,Friday
4/14/2014,0.82,0.84,0.76,0.77,0.77,295000,2,Monday
4/15/2014,0.76,0.8,0.75,0.77,0.77,247700,3,Tuesday
4/16/2014,0.78,0.8,0.76,0.78,0.78,115600,4,Wednesday
4/17/2014,0.79,0.85,0.77,0.85,0.85,121300,5,Thursday
4/21/2014,0.85,0.86,0.81,0.83,0.83,66100,2,Monday
4/22/2014,0.82,0.84,0.81,0.84,0.84,87500,3,Tuesday
4/23/2014,0.83,0.85,0.81,0.85,0.85,48800,4,Wednesday
4/24/2014,0.84,0.85,0.81,0.82,0.82,46500,5,Thursday
4/25/2014,0.82,0.82,0.79,0.8,0.8,60300,6,Friday
4/28/2014,0.8,0.83,0.79,0.79,0.79,38900,2,Monday
4/29/2014,0.79,0.81,0.77,0.78,0.78,99800,3,Tuesday
4/30/2014,0.77,0.8,0.76,0.77,0.77,100500,4,Wednesday
5/1/2014,0.78,0.79,0.75,0.75,0.75,332900,5,Thursday
5/2/2014,0.75,0.77,0.67,0.69,0.69,761600,6,Friday
5/5/2014,0.7,0.71,0.66,0.68,0.68,137500,2,Monday
5/6/2014,0.66,0.68,0.64,0.67,0.67,435800,3,Tuesday
5/7/2014,0.65,0.67,0.64,0.65,0.65,205000,4,Wednesday
5/8/2014,0.66,0.66,0.64,0.65,0.65,113400,5,Thursday
5/9/2014,0.63,0.67,0.61,0.61,0.61,146400,6,Friday
5/12/2014,0.65,0.65,0.62,0.62,0.62,116100,2,Monday
5/13/2014,0.62,0.69,0.61,0.65,0.65,348900,3,Tuesday
5/14/2014,0.69,0.69,0.67,0.67,0.67,188600,4,Wednesday
5/15/2014,0.67,0.7,0.67,0.7,0.7,230700,5,Thursday
5/16/2014,0.7,0.73,0.67,0.73,0.73,85300,6,Friday
5/19/2014,0.73,0.85,0.73,0.79,0.79,231900,2,Monday
5/20/2014,0.79,0.83,0.76,0.78,0.78,52500,3,Tuesday
5/21/2014,0.81,0.81,0.77,0.79,0.79,60100,4,Wednesday
5/22/2014,0.82,0.84,0.79,0.83,0.83,122800,5,Thursday
5/23/2014,0.78,0.81,0.77,0.81,0.81,113700,6,Friday
5/27/2014,0.79,0.8,0.78,0.78,0.78,133300,3,Tuesday
5/28/2014,0.78,0.8,0.77,0.78,0.78,66500,4,Wednesday
5/29/2014,0.77,0.78,0.74,0.74,0.74,133200,5,Thursday
5/30/2014,0.74,0.75,0.71,0.73,0.73,84800,6,Friday
6/2/2014,0.72,0.75,0.72,0.73,0.73,33800,2,Monday
6/3/2014,0.73,0.74,0.73,0.73,0.73,72200,3,Tuesday
6/4/2014,0.74,0.76,0.73,0.76,0.76,60000,4,Wednesday
6/5/2014,0.73,0.77,0.72,0.72,0.72,112200,5,Thursday
6/6/2014,0.72,0.75,0.72,0.72,0.72,60900,6,Friday
6/9/2014,0.74,0.81,0.72,0.8,0.8,84800,2,Monday
6/10/2014,0.82,0.83,0.72,0.78,0.78,318700,3,Tuesday
6/11/2014,0.77,0.78,0.73,0.74,0.74,55900,4,Wednesday
6/12/2014,0.75,0.76,0.72,0.75,0.75,220000,5,Thursday
6/13/2014,0.74,0.8,0.74,0.78,0.78,139100,6,Friday
6/16/2014,0.79,0.81,0.74,0.78,0.78,192800,2,Monday
6/17/2014,0.75,0.8,0.75,0.79,0.79,45100,3,Tuesday
6/18/2014,0.82,0.84,0.78,0.81,0.81,97500,4,Wednesday
6/19/2014,0.84,0.86,0.81,0.83,0.83,115200,5,Thursday
6/20/2014,0.82,0.91,0.82,0.91,0.91,553900,6,Friday
6/23/2014,0.9,0.91,0.88,0.88,0.88,474800,2,Monday
6/24/2014,0.89,0.89,0.79,0.81,0.81,62700,3,Tuesday
6/25/2014,0.79,0.87,0.79,0.83,0.83,529800,4,Wednesday
6/26/2014,0.86,0.86,0.82,0.83,0.83,100700,5,Thursday
6/27/2014,0.84,0.87,0.8,0.81,0.81,142800,6,Friday
6/30/2014,0.84,0.86,0.83,0.84,0.84,78700,2,Monday
7/1/2014,0.85,0.88,0.83,0.85,0.85,57000,3,Tuesday
7/2/2014,0.85,0.89,0.85,0.85,0.85,128100,4,Wednesday
7/3/2014,0.87,0.89,0.81,0.86,0.86,43000,5,Thursday
7/7/2014,0.85,0.87,0.83,0.85,0.85,174500,2,Monday
7/8/2014,0.85,0.87,0.84,0.86,0.86,32900,3,Tuesday
7/9/2014,0.88,0.88,0.84,0.87,0.87,142800,4,Wednesday
7/10/2014,0.84,0.88,0.83,0.83,0.83,75800,5,Thursday
7/11/2014,0.84,0.87,0.84,0.85,0.85,91500,6,Friday
7/14/2014,0.84,0.86,0.83,0.84,0.84,73600,2,Monday
7/15/2014,0.84,0.86,0.83,0.83,0.83,59000,3,Tuesday
7/16/2014,0.83,0.86,0.82,0.84,0.84,40300,4,Wednesday
7/17/2014,0.83,0.85,0.82,0.84,0.84,41100,5,Thursday
7/18/2014,0.85,0.85,0.78,0.78,0.78,177000,6,Friday
7/21/2014,0.78,0.83,0.78,0.78,0.78,46900,2,Monday
7/22/2014,0.8,0.8,0.78,0.8,0.8,37600,3,Tuesday
7/23/2014,0.8,0.8,0.79,0.79,0.79,67600,4,Wednesday
7/24/2014,0.78,0.85,0.77,0.83,0.83,610700,5,Thursday
7/25/2014,0.84,0.85,0.82,0.84,0.84,40600,6,Friday
7/28/2014,0.85,0.85,0.81,0.83,0.83,48300,2,Monday
7/29/2014,0.82,0.85,0.82,0.82,0.82,60600,3,Tuesday
7/30/2014,0.82,0.85,0.81,0.83,0.83,32600,4,Wednesday
7/31/2014,0.85,0.87,0.83,0.87,0.87,194200,5,Thursday
8/1/2014,0.89,0.89,0.81,0.85,0.85,83000,6,Friday
8/4/2014,0.86,0.86,0.81,0.82,0.82,80000,2,Monday
8/5/2014,0.82,0.83,0.78,0.79,0.79,205100,3,Tuesday
8/6/2014,0.78,0.79,0.77,0.78,0.78,44900,4,Wednesday
8/7/2014,0.79,0.79,0.77,0.77,0.77,75200,5,Thursday
8/8/2014,0.76,0.8,0.76,0.78,0.78,128800,6,Friday
8/11/2014,0.79,0.8,0.75,0.76,0.76,184800,2,Monday
8/12/2014,0.75,0.78,0.75,0.75,0.75,59700,3,Tuesday
8/13/2014,0.75,0.76,0.75,0.76,0.76,55800,4,Wednesday
8/14/2014,0.76,0.76,0.74,0.76,0.76,115400,5,Thursday
8/15/2014,0.76,0.76,0.73,0.73,0.73,80400,6,Friday
8/18/2014,0.72,0.74,0.72,0.74,0.74,38000,2,Monday
8/19/2014,0.74,0.75,0.73,0.75,0.75,12700,3,Tuesday
8/20/2014,0.73,0.74,0.73,0.74,0.74,19000,4,Wednesday
8/21/2014,0.73,0.74,0.7,0.71,0.71,99800,5,Thursday
8/22/2014,0.7,0.73,0.67,0.7,0.7,149800,6,Friday
8/25/2014,0.68,0.7,0.66,0.68,0.68,96900,2,Monday
8/26/2014,0.67,0.7,0.65,0.67,0.67,84400,3,Tuesday
8/27/2014,0.65,0.69,0.65,0.67,0.67,55100,4,Wednesday
8/28/2014,0.66,0.69,0.66,0.67,0.67,127600,5,Thursday
8/29/2014,0.69,0.69,0.67,0.67,0.67,27100,6,Friday
9/2/2014,0.69,0.69,0.67,0.69,0.69,225000,3,Tuesday
9/3/2014,0.69,0.71,0.68,0.68,0.68,158700,4,Wednesday
9/4/2014,0.69,0.69,0.67,0.68,0.68,64800,5,Thursday
9/5/2014,0.67,0.69,0.67,0.68,0.68,44200,6,Friday
9/8/2014,0.68,0.69,0.65,0.67,0.67,194300,2,Monday
9/9/2014,0.67,0.68,0.67,0.67,0.67,75400,3,Tuesday
9/10/2014,0.69,0.69,0.61,0.63,0.63,383900,4,Wednesday
9/11/2014,0.61,0.67,0.61,0.67,0.67,44000,5,Thursday
9/12/2014,0.68,0.68,0.63,0.66,0.66,68200,6,Friday
9/15/2014,0.68,0.68,0.63,0.63,0.63,80800,2,Monday
9/16/2014,0.6,0.65,0.6,0.61,0.61,99200,3,Tuesday
9/17/2014,0.6,0.62,0.6,0.62,0.62,90900,4,Wednesday
9/18/2014,0.61,0.64,0.6,0.62,0.62,111200,5,Thursday
9/19/2014,0.61,0.64,0.52,0.52,0.52,888100,6,Friday
9/22/2014,0.52,0.6,0.52,0.54,0.54,271400,2,Monday
9/23/2014,0.54,0.58,0.53,0.56,0.56,195500,3,Tuesday
9/24/2014,0.55,0.61,0.55,0.6,0.6,138900,4,Wednesday
9/25/2014,0.63,0.63,0.6,0.6,0.6,116500,5,Thursday
9/26/2014,0.62,0.63,0.57,0.59,0.59,169600,6,Friday
9/29/2014,0.54,0.58,0.54,0.54,0.54,87400,2,Monday
9/30/2014,0.56,0.56,0.53,0.55,0.55,181600,3,Tuesday
10/1/2014,0.55,0.59,0.52,0.52,0.52,110900,4,Wednesday
10/2/2014,0.54,0.55,0.47,0.48,0.48,186200,5,Thursday
10/3/2014,0.5,0.5,0.46,0.48,0.48,91300,6,Friday
10/6/2014,0.49,0.49,0.47,0.49,0.49,33100,2,Monday
10/7/2014,0.49,0.49,0.42,0.44,0.44,133600,3,Tuesday
10/8/2014,0.42,0.44,0.4,0.41,0.41,219700,4,Wednesday
10/9/2014,0.4,0.41,0.39,0.4,0.4,120900,5,Thursday
10/10/2014,0.41,0.42,0.33,0.34,0.34,205200,6,Friday
10/13/2014,0.32,0.42,0.32,0.4,0.4,86000,2,Monday
10/14/2014,0.37,0.4,0.36,0.37,0.37,115500,3,Tuesday
10/15/2014,0.37,0.44,0.37,0.4,0.4,141300,4,Wednesday
10/16/2014,0.4,0.44,0.4,0.42,0.42,141000,5,Thursday
10/17/2014,0.43,0.45,0.4,0.43,0.43,94000,6,Friday
10/20/2014,0.44,0.45,0.43,0.44,0.44,81100,2,Monday
10/21/2014,0.43,0.46,0.43,0.43,0.43,122300,3,Tuesday
10/22/2014,0.44,0.45,0.42,0.43,0.43,31900,4,Wednesday
10/23/2014,0.44,0.44,0.41,0.42,0.42,58400,5,Thursday
10/24/2014,0.41,0.44,0.39,0.39,0.39,102900,6,Friday
10/27/2014,0.44,0.44,0.4,0.41,0.41,47500,2,Monday
10/28/2014,0.42,0.42,0.39,0.4,0.4,47500,3,Tuesday
10/29/2014,0.42,0.42,0.38,0.38,0.38,82300,4,Wednesday
10/30/2014,0.39,0.41,0.38,0.39,0.39,59700,5,Thursday
10/31/2014,0.37,0.39,0.35,0.38,0.38,443900,6,Friday
11/3/2014,0.37,0.4,0.37,0.38,0.38,99300,2,Monday
11/4/2014,0.37,0.4,0.37,0.37,0.37,92700,3,Tuesday
11/5/2014,0.36,0.38,0.35,0.38,0.38,345900,4,Wednesday
11/6/2014,0.38,0.43,0.37,0.37,0.37,143800,5,Thursday
11/7/2014,0.4,0.42,0.39,0.4,0.4,197200,6,Friday
11/10/2014,0.41,0.42,0.39,0.4,0.4,141000,2,Monday
11/11/2014,0.39,0.44,0.39,0.44,0.44,100500,3,Tuesday
11/12/2014,0.43,0.47,0.42,0.45,0.45,333700,4,Wednesday
11/13/2014,0.47,0.47,0.45,0.46,0.46,181700,5,Thursday
11/14/2014,0.44,0.46,0.43,0.45,0.45,98000,6,Friday
11/17/2014,0.43,0.45,0.43,0.45,0.45,90700,2,Monday
11/18/2014,0.42,0.45,0.41,0.42,0.42,118100,3,Tuesday
11/19/2014,0.42,0.44,0.4,0.41,0.41,55700,4,Wednesday
11/20/2014,0.41,0.43,0.4,0.4,0.4,133600,5,Thursday
11/21/2014,0.44,0.44,0.39,0.4,0.4,59200,6,Friday
11/24/2014,0.4,0.42,0.37,0.39,0.39,125900,2,Monday
11/25/2014,0.4,0.42,0.37,0.39,0.39,209900,3,Tuesday
11/26/2014,0.41,0.42,0.38,0.42,0.42,336500,4,Wednesday
11/28/2014,0.43,0.43,0.39,0.41,0.41,156400,6,Friday
12/1/2014,0.39,0.41,0.39,0.39,0.39,115300,2,Monday
12/2/2014,0.39,0.39,0.37,0.38,0.38,70500,3,Tuesday
12/3/2014,0.37,0.38,0.33,0.37,0.37,554900,4,Wednesday
12/4/2014,0.36,0.41,0.36,0.41,0.41,296700,5,Thursday
12/5/2014,0.41,0.41,0.39,0.4,0.4,166200,6,Friday
12/8/2014,0.39,0.4,0.37,0.39,0.39,101800,2,Monday
12/9/2014,0.39,0.4,0.39,0.39,0.39,78000,3,Tuesday
12/10/2014,0.39,0.4,0.39,0.4,0.4,102200,4,Wednesday
12/11/2014,0.4,0.4,0.38,0.39,0.39,174400,5,Thursday
12/12/2014,0.38,0.39,0.37,0.38,0.38,87800,6,Friday
12/15/2014,0.38,0.38,0.36,0.37,0.37,166500,2,Monday
12/16/2014,0.36,0.37,0.35,0.37,0.37,184900,3,Tuesday
12/17/2014,0.35,0.37,0.35,0.36,0.36,240700,4,Wednesday
12/18/2014,0.33,0.38,0.33,0.38,0.38,373200,5,Thursday
12/19/2014,0.36,0.5,0.36,0.48,0.48,687200,6,Friday
12/22/2014,0.47,0.5,0.45,0.45,0.45,837700,2,Monday
12/23/2014,0.47,0.49,0.4,0.45,0.45,169900,3,Tuesday
12/24/2014,0.41,0.46,0.41,0.45,0.45,116000,4,Wednesday
12/26/2014,0.45,0.47,0.43,0.43,0.43,61200,6,Friday
12/29/2014,0.43,0.45,0.39,0.43,0.43,145800,2,Monday
12/30/2014,0.4,0.43,0.37,0.41,0.41,231000,3,Tuesday
12/31/2014,0.39,0.41,0.37,0.41,0.41,350800,4,Wednesday
1/2/2015,0.42,0.43,0.4,0.4,0.4,46100,6,Friday
1/5/2015,0.41,0.44,0.39,0.44,0.44,97100,2,Monday
1/6/2015,0.43,0.44,0.4,0.44,0.44,164200,3,Tuesday
1/7/2015,0.42,0.44,0.42,0.42,0.42,46800,4,Wednesday
1/8/2015,0.44,0.45,0.4,0.43,0.43,63000,5,Thursday
1/9/2015,0.43,0.44,0.38,0.42,0.42,179700,6,Friday
1/12/2015,0.4,0.43,0.4,0.42,0.42,22600,2,Monday
1/13/2015,0.39,0.42,0.39,0.41,0.41,174000,3,Tuesday
1/14/2015,0.41,0.41,0.38,0.4,0.4,61400,4,Wednesday
1/15/2015,0.41,0.43,0.4,0.41,0.41,65400,5,Thursday
1/16/2015,0.43,0.43,0.4,0.4,0.4,36200,6,Friday
1/20/2015,0.4,0.43,0.4,0.41,0.41,86700,3,Tuesday
1/21/2015,0.42,0.44,0.41,0.42,0.42,60300,4,Wednesday
1/22/2015,0.43,0.43,0.41,0.41,0.41,95200,5,Thursday
1/23/2015,0.42,0.42,0.4,0.41,0.41,80500,6,Friday
1/26/2015,0.43,0.43,0.41,0.43,0.43,183300,2,Monday
1/27/2015,0.42,0.44,0.42,0.44,0.44,62500,3,Tuesday
1/28/2015,0.44,0.44,0.41,0.44,0.44,70500,4,Wednesday
1/29/2015,0.42,0.45,0.42,0.45,0.45,91200,5,Thursday
1/30/2015,0.45,0.45,0.41,0.44,0.44,86400,6,Friday
2/2/2015,0.45,0.45,0.43,0.45,0.45,124800,2,Monday
2/3/2015,0.46,0.46,0.44,0.44,0.44,69500,3,Tuesday
2/4/2015,0.44,0.45,0.44,0.45,0.45,71000,4,Wednesday
2/5/2015,0.45,0.72,0.45,0.64,0.64,518000,5,Thursday
2/6/2015,0.64,0.64,0.53,0.59,0.59,304500,6,Friday
2/9/2015,0.63,0.63,0.55,0.59,0.59,102300,2,Monday
2/10/2015,0.57,0.57,0.51,0.57,0.57,95300,3,Tuesday
2/11/2015,0.56,0.56,0.54,0.55,0.55,48500,4,Wednesday
2/12/2015,0.55,0.57,0.54,0.56,0.56,67300,5,Thursday
2/13/2015,0.55,0.56,0.52,0.55,0.55,97300,6,Friday
2/17/2015,0.55,0.57,0.52,0.52,0.52,59900,3,Tuesday
2/18/2015,0.53,0.59,0.53,0.58,0.58,56600,4,Wednesday
2/19/2015,0.58,0.59,0.53,0.55,0.55,48100,5,Thursday
2/20/2015,0.55,0.57,0.53,0.55,0.55,108800,6,Friday
2/23/2015,0.57,0.59,0.54,0.56,0.56,63700,2,Monday
2/24/2015,0.54,0.56,0.52,0.52,0.52,60900,3,Tuesday
2/25/2015,0.5,0.54,0.5,0.53,0.53,100300,4,Wednesday
2/26/2015,0.56,0.56,0.51,0.52,0.52,72900,5,Thursday
2/27/2015,0.51,0.55,0.5,0.5,0.5,39900,6,Friday
3/2/2015,0.5,0.51,0.45,0.46,0.46,198900,2,Monday
3/3/2015,0.46,0.48,0.45,0.47,0.47,51000,3,Tuesday
3/4/2015,0.47,0.49,0.45,0.45,0.45,88200,4,Wednesday
3/5/2015,0.46,0.47,0.45,0.45,0.45,57100,5,Thursday
3/6/2015,0.43,0.46,0.43,0.44,0.44,42600,6,Friday
3/9/2015,0.42,0.43,0.4,0.42,0.42,187600,2,Monday
3/10/2015,0.4,0.42,0.39,0.42,0.42,35700,3,Tuesday
3/11/2015,0.4,0.44,0.36,0.4,0.4,333300,4,Wednesday
3/12/2015,0.43,0.44,0.41,0.43,0.43,33800,5,Thursday
3/13/2015,0.42,0.43,0.4,0.43,0.43,29100,6,Friday
3/16/2015,0.41,0.44,0.41,0.43,0.43,61900,2,Monday
3/17/2015,0.44,0.44,0.4,0.41,0.41,53200,3,Tuesday
3/18/2015,0.42,0.43,0.36,0.38,0.38,74200,4,Wednesday
3/19/2015,0.41,0.42,0.36,0.38,0.38,108400,5,Thursday
3/20/2015,0.39,0.41,0.36,0.38,0.38,533700,6,Friday
3/23/2015,0.39,0.41,0.38,0.38,0.38,52500,2,Monday
3/24/2015,0.38,0.4,0.36,0.37,0.37,181600,3,Tuesday
3/25/2015,0.4,0.4,0.37,0.39,0.39,33600,4,Wednesday
3/26/2015,0.38,0.4,0.38,0.4,0.4,42100,5,Thursday
3/27/2015,0.39,0.39,0.37,0.37,0.37,27900,6,Friday
3/30/2015,0.38,0.39,0.36,0.37,0.37,112800,2,Monday
3/31/2015,0.36,0.4,0.36,0.39,0.39,39300,3,Tuesday
4/1/2015,0.4,0.41,0.37,0.4,0.4,33600,4,Wednesday
4/2/2015,0.4,0.4,0.37,0.38,0.38,31100,5,Thursday
4/6/2015,0.38,0.43,0.38,0.43,0.43,103800,2,Monday
4/7/2015,0.42,0.42,0.39,0.4,0.4,84500,3,Tuesday
4/8/2015,0.4,0.4,0.39,0.4,0.4,14000,4,Wednesday
4/9/2015,0.4,0.41,0.38,0.38,0.38,64600,5,Thursday
4/10/2015,0.38,0.41,0.38,0.39,0.39,99800,6,Friday
4/13/2015,0.4,0.4,0.37,0.38,0.38,230900,2,Monday
4/14/2015,0.37,0.38,0.37,0.38,0.38,22800,3,Tuesday
4/15/2015,0.39,0.39,0.37,0.39,0.39,32900,4,Wednesday
4/16/2015,0.38,0.39,0.38,0.38,0.38,51800,5,Thursday
4/17/2015,0.38,0.38,0.37,0.37,0.37,76600,6,Friday
4/20/2015,0.36,0.37,0.36,0.37,0.37,20600,2,Monday
4/21/2015,0.37,0.38,0.36,0.37,0.37,99500,3,Tuesday
4/22/2015,0.36,0.38,0.36,0.37,0.37,76500,4,Wednesday
4/23/2015,0.36,0.4,0.36,0.39,0.39,27400,5,Thursday
4/24/2015,0.38,0.41,0.38,0.39,0.39,18400,6,Friday
4/27/2015,0.41,0.41,0.39,0.39,0.39,49300,2,Monday
4/28/2015,0.38,0.39,0.38,0.38,0.38,40100,3,Tuesday
4/29/2015,0.39,0.39,0.38,0.39,0.39,23600,4,Wednesday
4/30/2015,0.39,0.41,0.38,0.41,0.41,127900,5,Thursday
5/1/2015,0.4,0.41,0.39,0.4,0.4,62500,6,Friday
5/4/2015,0.4,0.41,0.4,0.4,0.4,60400,2,Monday
5/5/2015,0.39,0.42,0.39,0.41,0.41,45500,3,Tuesday
5/6/2015,0.39,0.44,0.39,0.4,0.4,501600,4,Wednesday
5/7/2015,0.41,0.42,0.4,0.4,0.4,34600,5,Thursday
5/8/2015,0.39,0.42,0.39,0.41,0.41,55300,6,Friday
5/11/2015,0.4,0.42,0.4,0.41,0.41,171700,2,Monday
5/12/2015,0.42,0.42,0.39,0.4,0.4,33400,3,Tuesday
5/13/2015,0.4,0.41,0.39,0.4,0.4,35000,4,Wednesday
5/14/2015,0.4,0.43,0.4,0.42,0.42,112700,5,Thursday
5/15/2015,0.44,0.44,0.4,0.43,0.43,45300,6,Friday
5/18/2015,0.41,0.45,0.38,0.41,0.41,107800,2,Monday
5/19/2015,0.39,0.41,0.39,0.4,0.4,27300,3,Tuesday
5/20/2015,0.39,0.41,0.39,0.4,0.4,67700,4,Wednesday
5/21/2015,0.4,0.4,0.39,0.39,0.39,62400,5,Thursday
5/22/2015,0.38,0.39,0.37,0.39,0.39,83500,6,Friday
5/26/2015,0.38,0.39,0.32,0.32,0.32,213500,3,Tuesday
5/27/2015,0.34,0.36,0.33,0.35,0.35,72000,4,Wednesday
5/28/2015,0.34,0.35,0.32,0.35,0.35,292000,5,Thursday
5/29/2015,0.34,0.38,0.33,0.37,0.37,94500,6,Friday
6/1/2015,0.35,0.38,0.35,0.38,0.38,27200,2,Monday
6/2/2015,0.38,0.38,0.35,0.36,0.36,31900,3,Tuesday
6/3/2015,0.34,0.37,0.34,0.37,0.37,2700,4,Wednesday
6/4/2015,0.36,0.4,0.36,0.37,0.37,92400,5,Thursday
6/5/2015,0.44,0.44,0.35,0.38,0.38,145100,6,Friday
6/8/2015,0.4,0.4,0.36,0.38,0.38,72300,2,Monday
6/9/2015,0.39,0.4,0.38,0.39,0.39,53700,3,Tuesday
6/10/2015,0.38,0.4,0.38,0.39,0.39,59000,4,Wednesday
6/11/2015,0.36,0.41,0.36,0.38,0.38,81400,5,Thursday
6/12/2015,0.38,0.39,0.37,0.39,0.39,35300,6,Friday
6/15/2015,0.38,0.41,0.37,0.41,0.41,34300,2,Monday
6/16/2015,0.4,0.42,0.39,0.42,0.42,75900,3,Tuesday
6/17/2015,0.41,0.41,0.38,0.38,0.38,22200,4,Wednesday
6/18/2015,0.38,0.4,0.35,0.35,0.35,233300,5,Thursday
6/19/2015,0.37,0.37,0.3,0.3,0.3,1224300,6,Friday
6/22/2015,0.32,0.35,0.32,0.34,0.34,431500,2,Monday
6/23/2015,0.35,0.38,0.32,0.32,0.32,320500,3,Tuesday
6/24/2015,0.33,0.35,0.32,0.35,0.35,34100,4,Wednesday
6/25/2015,0.35,0.36,0.33,0.34,0.34,90100,5,Thursday
6/26/2015,0.35,0.36,0.34,0.36,0.36,91700,6,Friday
6/29/2015,0.32,0.36,0.32,0.35,0.35,135300,2,Monday
6/30/2015,0.36,0.37,0.34,0.34,0.34,113300,3,Tuesday
7/1/2015,0.36,0.37,0.36,0.36,0.36,38900,4,Wednesday
7/2/2015,0.36,0.36,0.32,0.33,0.33,69300,5,Thursday
7/6/2015,0.32,0.34,0.32,0.32,0.32,52300,2,Monday
7/7/2015,0.33,0.35,0.32,0.34,0.34,47600,3,Tuesday
7/8/2015,0.33,0.36,0.33,0.35,0.35,71100,4,Wednesday
7/9/2015,0.36,0.36,0.34,0.36,0.36,98400,5,Thursday
7/10/2015,0.35,0.36,0.33,0.36,0.36,37000,6,Friday
7/13/2015,0.35,0.37,0.34,0.35,0.35,35600,2,Monday
7/14/2015,0.35,0.37,0.34,0.34,0.34,50700,3,Tuesday
7/15/2015,0.34,0.36,0.32,0.33,0.33,60200,4,Wednesday
7/16/2015,0.33,0.36,0.32,0.32,0.32,132700,5,Thursday
7/17/2015,0.33,0.35,0.31,0.35,0.35,92900,6,Friday
7/20/2015,0.35,0.35,0.32,0.33,0.33,143400,2,Monday
7/21/2015,0.32,0.34,0.31,0.34,0.34,32800,3,Tuesday
7/22/2015,0.31,0.33,0.3,0.32,0.32,79800,4,Wednesday
7/23/2015,0.31,0.31,0.28,0.31,0.31,260300,5,Thursday
7/24/2015,0.31,0.33,0.31,0.33,0.33,38000,6,Friday
7/27/2015,0.34,0.34,0.31,0.32,0.32,64300,2,Monday
7/28/2015,0.32,0.33,0.29,0.29,0.29,22500,3,Tuesday
7/29/2015,0.3,0.34,0.3,0.33,0.33,27100,4,Wednesday
7/30/2015,0.33,0.34,0.33,0.34,0.34,10400,5,Thursday
7/31/2015,0.33,0.35,0.31,0.32,0.32,41500,6,Friday
8/3/2015,0.33,0.34,0.31,0.33,0.33,22200,2,Monday
8/4/2015,0.32,0.34,0.32,0.34,0.34,29600,3,Tuesday
8/5/2015,0.34,0.34,0.31,0.31,0.31,29400,4,Wednesday
8/6/2015,0.31,0.32,0.31,0.31,0.31,49300,5,Thursday
8/7/2015,0.31,0.33,0.31,0.33,0.33,51000,6,Friday
8/10/2015,0.33,0.35,0.31,0.35,0.35,85800,2,Monday
8/11/2015,0.35,0.35,0.29,0.35,0.35,445500,3,Tuesday
8/12/2015,0.32,0.33,0.3,0.33,0.33,122000,4,Wednesday
8/13/2015,0.33,0.33,0.3,0.3,0.3,98300,5,Thursday
8/14/2015,0.31,0.33,0.3,0.31,0.31,79100,6,Friday
8/17/2015,0.32,0.35,0.31,0.31,0.31,181600,2,Monday
8/18/2015,0.31,0.33,0.31,0.32,0.32,52900,3,Tuesday
8/19/2015,0.32,0.34,0.3,0.31,0.31,40300,4,Wednesday
8/20/2015,0.3,0.33,0.3,0.33,0.33,91300,5,Thursday
8/21/2015,0.33,0.33,0.3,0.31,0.31,65800,6,Friday
8/24/2015,0.32,0.32,0.29,0.3,0.3,79400,2,Monday
8/25/2015,0.3,0.31,0.3,0.31,0.31,29700,3,Tuesday
8/26/2015,0.3,0.32,0.29,0.3,0.3,111000,4,Wednesday
8/27/2015,0.31,0.33,0.3,0.33,0.33,135100,5,Thursday
8/28/2015,0.33,0.35,0.32,0.35,0.35,220800,6,Friday
8/31/2015,0.33,0.53,0.32,0.5,0.5,286000,2,Monday
9/1/2015,0.43,0.5,0.4,0.4,0.4,346400,3,Tuesday
9/2/2015,0.43,0.43,0.37,0.38,0.38,105600,4,Wednesday
9/3/2015,0.37,0.41,0.37,0.39,0.39,36600,5,Thursday
9/4/2015,0.39,0.41,0.37,0.4,0.4,100100,6,Friday
9/8/2015,0.39,0.41,0.38,0.4,0.4,33400,3,Tuesday
9/9/2015,0.41,0.41,0.39,0.41,0.41,109600,4,Wednesday
9/10/2015,0.41,0.42,0.39,0.42,0.42,56600,5,Thursday
9/11/2015,0.42,0.43,0.39,0.43,0.43,75600,6,Friday
9/14/2015,0.48,0.48,0.4,0.41,0.41,115900,2,Monday
9/15/2015,0.41,0.43,0.38,0.41,0.41,161900,3,Tuesday
9/16/2015,0.39,0.41,0.39,0.41,0.41,48400,4,Wednesday
9/17/2015,0.41,0.41,0.39,0.39,0.39,14800,5,Thursday
9/18/2015,0.4,0.44,0.4,0.4,0.4,81000,6,Friday
9/21/2015,0.4,0.4,0.39,0.39,0.39,28600,2,Monday
9/22/2015,0.38,0.4,0.38,0.38,0.38,134400,3,Tuesday
9/23/2015,0.39,0.41,0.38,0.38,0.38,86700,4,Wednesday
9/24/2015,0.38,0.39,0.36,0.37,0.37,35200,5,Thursday
9/25/2015,0.39,0.39,0.36,0.36,0.36,80900,6,Friday
9/28/2015,0.37,0.37,0.35,0.36,0.36,50300,2,Monday
9/29/2015,0.36,0.39,0.33,0.33,0.33,135500,3,Tuesday
9/30/2015,0.34,0.36,0.3,0.31,0.31,361800,4,Wednesday
10/1/2015,0.31,0.32,0.3,0.31,0.31,80000,5,Thursday
10/2/2015,0.31,0.33,0.31,0.33,0.33,44300,6,Friday
10/5/2015,0.32,0.33,0.32,0.33,0.33,18900,2,Monday
10/6/2015,0.32,0.37,0.32,0.37,0.37,113500,3,Tuesday
10/7/2015,0.39,0.42,0.39,0.42,0.42,45300,4,Wednesday
10/8/2015,0.41,0.43,0.4,0.42,0.42,170400,5,Thursday
10/9/2015,0.43,0.44,0.42,0.43,0.43,103800,6,Friday
10/12/2015,0.43,0.43,0.32,0.4,0.4,144400,2,Monday
10/13/2015,0.42,0.43,0.38,0.39,0.39,144600,3,Tuesday
10/14/2015,0.4,0.43,0.39,0.39,0.39,55900,4,Wednesday
10/15/2015,0.4,0.43,0.38,0.41,0.41,118300,5,Thursday
10/16/2015,0.41,0.41,0.36,0.36,0.36,148500,6,Friday
10/19/2015,0.37,0.37,0.36,0.36,0.36,114800,2,Monday
10/20/2015,0.38,0.38,0.36,0.36,0.36,181200,3,Tuesday
10/21/2015,0.36,0.36,0.34,0.34,0.34,37200,4,Wednesday
10/22/2015,0.35,0.36,0.34,0.34,0.34,47700,5,Thursday
10/23/2015,0.35,0.41,0.34,0.41,0.41,58000,6,Friday
10/26/2015,0.41,0.42,0.38,0.42,0.42,228700,2,Monday
10/27/2015,0.42,0.43,0.41,0.43,0.43,133500,3,Tuesday
10/28/2015,0.41,0.44,0.41,0.44,0.44,63900,4,Wednesday
10/29/2015,0.43,0.44,0.41,0.43,0.43,73800,5,Thursday
10/30/2015,0.44,0.44,0.42,0.44,0.44,40700,6,Friday
11/2/2015,0.44,0.44,0.4,0.43,0.43,167600,2,Monday
11/3/2015,0.42,0.43,0.41,0.41,0.41,118700,3,Tuesday
11/4/2015,0.43,0.44,0.4,0.4,0.4,32700,4,Wednesday
11/5/2015,0.4,0.41,0.38,0.38,0.38,145600,5,Thursday
11/6/2015,0.39,0.4,0.36,0.37,0.37,147700,6,Friday
11/9/2015,0.37,0.37,0.35,0.35,0.35,87500,2,Monday
11/10/2015,0.36,0.38,0.35,0.35,0.35,301900,3,Tuesday
11/11/2015,0.36,0.37,0.34,0.34,0.34,63400,4,Wednesday
11/12/2015,0.34,0.36,0.33,0.33,0.33,121500,5,Thursday
11/13/2015,0.35,0.35,0.33,0.33,0.33,83100,6,Friday
11/16/2015,0.34,0.35,0.31,0.31,0.31,182100,2,Monday
11/17/2015,0.34,0.34,0.3,0.3,0.3,282800,3,Tuesday
11/18/2015,0.32,0.33,0.29,0.3,0.3,118200,4,Wednesday
11/19/2015,0.3,0.33,0.3,0.31,0.31,145600,5,Thursday
11/20/2015,0.32,0.32,0.29,0.29,0.29,162200,6,Friday
11/23/2015,0.31,0.31,0.28,0.3,0.3,174600,2,Monday
11/24/2015,0.31,0.31,0.29,0.3,0.3,88200,3,Tuesday
11/25/2015,0.3,0.31,0.3,0.31,0.31,14300,4,Wednesday
11/27/2015,0.31,0.31,0.29,0.31,0.31,114300,6,Friday
11/30/2015,0.31,0.32,0.3,0.32,0.32,166700,2,Monday
12/1/2015,0.31,0.31,0.29,0.29,0.29,60100,3,Tuesday
12/2/2015,0.29,0.31,0.29,0.3,0.3,33800,4,Wednesday
12/3/2015,0.31,0.31,0.3,0.3,0.3,32900,5,Thursday
12/4/2015,0.31,0.32,0.3,0.32,0.32,92100,6,Friday
12/7/2015,0.32,0.32,0.29,0.3,0.3,90500,2,Monday
12/8/2015,0.29,0.3,0.29,0.3,0.3,53000,3,Tuesday
12/9/2015,0.3,0.31,0.29,0.3,0.3,108300,4,Wednesday
12/10/2015,0.3,0.31,0.28,0.29,0.29,60000,5,Thursday
12/11/2015,0.29,0.3,0.29,0.29,0.29,59200,6,Friday
12/14/2015,0.29,0.3,0.28,0.28,0.28,254000,2,Monday
12/15/2015,0.28,0.3,0.28,0.29,0.29,61000,3,Tuesday
12/16/2015,0.3,0.3,0.28,0.3,0.3,277400,4,Wednesday
12/17/2015,0.29,0.3,0.28,0.28,0.28,77200,5,Thursday
12/18/2015,0.28,0.29,0.28,0.29,0.29,45800,6,Friday
12/21/2015,0.29,0.3,0.29,0.29,0.29,82200,2,Monday
12/22/2015,0.29,0.3,0.29,0.29,0.29,77500,3,Tuesday
12/23/2015,0.29,0.29,0.28,0.29,0.29,132400,4,Wednesday
12/24/2015,0.3,0.3,0.29,0.29,0.29,41300,5,Thursday
12/28/2015,0.28,0.3,0.28,0.28,0.28,135500,2,Monday
12/29/2015,0.29,0.3,0.29,0.3,0.3,81400,3,Tuesday
12/30/2015,0.3,0.3,0.28,0.29,0.29,123400,4,Wednesday
12/31/2015,0.29,0.31,0.29,0.31,0.31,85100,5,Thursday
1/4/2016,0.32,0.32,0.28,0.32,0.32,79700,2,Monday
1/5/2016,0.31,0.32,0.3,0.3,0.3,33600,3,Tuesday
1/6/2016,0.3,0.3,0.29,0.29,0.29,85700,4,Wednesday
1/7/2016,0.3,0.3,0.28,0.28,0.28,50300,5,Thursday
1/8/2016,0.29,0.29,0.28,0.28,0.28,99100,6,Friday
1/11/2016,0.29,0.29,0.28,0.28,0.28,115600,2,Monday
1/12/2016,0.3,0.3,0.28,0.29,0.29,83200,3,Tuesday
1/13/2016,0.28,0.29,0.28,0.29,0.29,89600,4,Wednesday
1/14/2016,0.28,0.28,0.25,0.25,0.25,549900,5,Thursday
1/15/2016,0.25,0.26,0.21,0.24,0.24,405100,6,Friday
1/19/2016,0.22,0.23,0.21,0.22,0.22,210400,3,Tuesday
1/20/2016,0.23,0.23,0.2,0.21,0.21,170500,4,Wednesday
1/21/2016,0.21,0.23,0.21,0.23,0.23,242700,5,Thursday
1/22/2016,0.27,0.27,0.22,0.22,0.22,160500,6,Friday
1/25/2016,0.22,0.27,0.22,0.25,0.25,148200,2,Monday
1/26/2016,0.27,0.27,0.25,0.27,0.27,65300,3,Tuesday
1/27/2016,0.27,0.28,0.26,0.27,0.27,86100,4,Wednesday
1/28/2016,0.27,0.27,0.25,0.27,0.27,30100,5,Thursday
1/29/2016,0.27,0.28,0.25,0.28,0.28,56500,6,Friday
2/1/2016,0.28,0.28,0.27,0.28,0.28,58400,2,Monday
2/2/2016,0.28,0.28,0.26,0.26,0.26,32000,3,Tuesday
2/3/2016,0.26,0.28,0.26,0.28,0.28,100500,4,Wednesday
2/4/2016,0.28,0.29,0.28,0.28,0.28,133400,5,Thursday
2/5/2016,0.28,0.29,0.27,0.28,0.28,18400,6,Friday
2/8/2016,0.29,0.31,0.27,0.29,0.29,240100,2,Monday
2/9/2016,0.3,0.35,0.29,0.29,0.29,152900,3,Tuesday
2/10/2016,0.3,0.32,0.29,0.29,0.29,38800,4,Wednesday
2/11/2016,0.31,0.37,0.3,0.34,0.34,517300,5,Thursday
2/12/2016,0.34,0.35,0.32,0.33,0.33,128300,6,Friday
2/16/2016,0.32,0.37,0.32,0.35,0.35,168900,3,Tuesday
2/17/2016,0.35,0.37,0.35,0.35,0.35,116900,4,Wednesday
2/18/2016,0.37,0.37,0.33,0.37,0.37,194600,5,Thursday
2/19/2016,0.36,0.37,0.35,0.36,0.36,89100,6,Friday
2/22/2016,0.36,0.38,0.35,0.36,0.36,116500,2,Monday
2/23/2016,0.37,0.37,0.35,0.36,0.36,51700,3,Tuesday
2/24/2016,0.37,0.37,0.36,0.37,0.37,169200,4,Wednesday
2/25/2016,0.36,0.37,0.35,0.36,0.36,49800,5,Thursday
2/26/2016,0.36,0.37,0.32,0.35,0.35,107100,6,Friday
2/29/2016,0.35,0.37,0.34,0.35,0.35,103200,2,Monday
3/1/2016,0.36,0.36,0.34,0.35,0.35,111200,3,Tuesday
3/2/2016,0.33,0.34,0.31,0.33,0.33,86400,4,Wednesday
3/3/2016,0.32,0.35,0.31,0.34,0.34,137600,5,Thursday
3/4/2016,0.35,0.35,0.32,0.34,0.34,225300,6,Friday
3/7/2016,0.35,0.36,0.33,0.34,0.34,91000,2,Monday
3/8/2016,0.36,0.36,0.34,0.34,0.34,120500,3,Tuesday
3/9/2016,0.34,0.36,0.34,0.35,0.35,49500,4,Wednesday
3/10/2016,0.33,0.38,0.33,0.38,0.38,771300,5,Thursday
3/11/2016,0.38,0.39,0.36,0.38,0.38,761900,6,Friday
3/14/2016,0.38,0.39,0.35,0.38,0.38,357800,2,Monday
3/15/2016,0.37,0.37,0.32,0.32,0.32,274000,3,Tuesday
3/16/2016,0.34,0.35,0.33,0.34,0.34,120800,4,Wednesday
3/17/2016,0.34,0.36,0.34,0.35,0.35,153800,5,Thursday
3/18/2016,0.36,0.36,0.35,0.36,0.36,127300,6,Friday
3/21/2016,0.35,0.36,0.34,0.35,0.35,252500,2,Monday
3/22/2016,0.36,0.36,0.33,0.35,0.35,93500,3,Tuesday
3/23/2016,0.34,0.34,0.3,0.31,0.31,104600,4,Wednesday
3/24/2016,0.31,0.35,0.31,0.35,0.35,69300,5,Thursday
3/28/2016,0.34,0.34,0.32,0.33,0.33,60300,2,Monday
3/29/2016,0.32,0.34,0.32,0.32,0.32,94100,3,Tuesday
3/30/2016,0.33,0.35,0.31,0.33,0.33,138300,4,Wednesday
3/31/2016,0.33,0.35,0.32,0.32,0.32,183600,5,Thursday
4/1/2016,0.33,0.34,0.31,0.34,0.34,36500,6,Friday
4/4/2016,0.34,0.34,0.31,0.31,0.31,158500,2,Monday
4/5/2016,0.33,0.33,0.31,0.31,0.31,64000,3,Tuesday
4/6/2016,0.31,0.32,0.31,0.32,0.32,36500,4,Wednesday
4/7/2016,0.33,0.33,0.3,0.3,0.3,129300,5,Thursday
4/8/2016,0.3,0.34,0.29,0.34,0.34,197300,6,Friday
4/11/2016,0.34,0.34,0.31,0.31,0.31,309500,2,Monday
4/12/2016,0.32,0.34,0.31,0.33,0.33,218300,3,Tuesday
4/13/2016,0.34,0.35,0.33,0.35,0.35,400700,4,Wednesday
4/14/2016,0.35,0.35,0.32,0.35,0.35,43100,5,Thursday
4/15/2016,0.34,0.37,0.33,0.36,0.36,160300,6,Friday
4/18/2016,0.38,0.39,0.37,0.39,0.39,588500,2,Monday
4/19/2016,0.39,0.41,0.38,0.39,0.39,561900,3,Tuesday
4/20/2016,0.4,0.44,0.39,0.4,0.4,354000,4,Wednesday
4/21/2016,0.42,0.44,0.4,0.43,0.43,208300,5,Thursday
4/22/2016,0.43,0.47,0.42,0.44,0.44,453300,6,Friday
4/25/2016,0.43,0.45,0.42,0.44,0.44,1190000,2,Monday
4/26/2016,0.45,0.48,0.42,0.44,0.44,526400,3,Tuesday
4/27/2016,0.45,0.45,0.4,0.42,0.42,586100,4,Wednesday
4/28/2016,0.4,0.42,0.39,0.4,0.4,560800,5,Thursday
4/29/2016,0.41,0.43,0.41,0.43,0.43,320500,6,Friday
5/2/2016,0.45,0.45,0.42,0.45,0.45,207300,2,Monday
5/3/2016,0.44,0.44,0.41,0.42,0.42,100800,3,Tuesday
5/4/2016,0.42,0.42,0.38,0.39,0.39,207000,4,Wednesday
5/5/2016,0.39,0.39,0.37,0.37,0.37,96000,5,Thursday
5/6/2016,0.39,0.39,0.37,0.38,0.38,275500,6,Friday
5/9/2016,0.36,0.37,0.34,0.35,0.35,169900,2,Monday
5/10/2016,0.35,0.35,0.33,0.34,0.34,149800,3,Tuesday
5/11/2016,0.34,0.35,0.33,0.35,0.35,136400,4,Wednesday
5/12/2016,0.35,0.36,0.35,0.36,0.36,143000,5,Thursday
5/13/2016,0.36,0.36,0.34,0.36,0.36,97800,6,Friday
5/16/2016,0.35,0.36,0.34,0.34,0.34,175300,2,Monday
5/17/2016,0.34,0.36,0.34,0.35,0.35,156800,3,Tuesday
5/18/2016,0.34,0.36,0.33,0.33,0.33,429600,4,Wednesday
5/19/2016,0.33,0.35,0.32,0.35,0.35,129100,5,Thursday
5/20/2016,0.35,0.36,0.33,0.35,0.35,117400,6,Friday
5/23/2016,0.34,0.38,0.34,0.38,0.38,137800,2,Monday
5/24/2016,0.36,0.36,0.34,0.34,0.34,273400,3,Tuesday
5/25/2016,0.34,0.35,0.34,0.35,0.35,364200,4,Wednesday
5/26/2016,0.35,0.35,0.34,0.34,0.34,141200,5,Thursday
5/27/2016,0.33,0.34,0.31,0.32,0.32,469500,6,Friday
5/31/2016,0.33,0.34,0.3,0.32,0.32,434500,3,Tuesday
6/1/2016,0.34,0.34,0.31,0.32,0.32,106400,4,Wednesday
6/2/2016,0.31,0.32,0.3,0.31,0.31,105400,5,Thursday
6/3/2016,0.35,0.36,0.33,0.36,0.36,338800,6,Friday
6/6/2016,0.35,0.38,0.34,0.36,0.36,200100,2,Monday
6/7/2016,0.35,0.36,0.34,0.35,0.35,145300,3,Tuesday
6/8/2016,0.36,0.37,0.34,0.35,0.35,261300,4,Wednesday
6/9/2016,0.35,0.37,0.34,0.36,0.36,85900,5,Thursday
6/10/2016,0.36,0.37,0.32,0.33,0.33,394100,6,Friday
6/13/2016,0.34,0.35,0.33,0.33,0.33,235200,2,Monday
6/14/2016,0.34,0.34,0.33,0.33,0.33,267200,3,Tuesday
6/15/2016,0.33,0.35,0.32,0.34,0.34,133200,4,Wednesday
6/16/2016,0.35,0.35,0.31,0.35,0.35,695400,5,Thursday
6/17/2016,0.34,0.34,0.33,0.33,0.33,160400,6,Friday
6/20/2016,0.31,0.34,0.31,0.33,0.33,119900,2,Monday
6/21/2016,0.33,0.35,0.31,0.31,0.31,85800,3,Tuesday
6/22/2016,0.32,0.32,0.31,0.31,0.31,207300,4,Wednesday
6/23/2016,0.31,0.32,0.31,0.31,0.31,125000,5,Thursday
6/24/2016,0.34,0.34,0.28,0.3,0.3,884000,6,Friday
6/27/2016,0.3,0.31,0.3,0.3,0.3,166200,2,Monday
6/28/2016,0.3,0.31,0.29,0.31,0.31,33600,3,Tuesday
6/29/2016,0.32,0.32,0.3,0.31,0.31,185000,4,Wednesday
6/30/2016,0.32,0.32,0.3,0.31,0.31,72200,5,Thursday
7/1/2016,0.32,0.34,0.32,0.34,0.34,209900,6,Friday
7/5/2016,0.33,0.36,0.3,0.35,0.35,818300,3,Tuesday
7/6/2016,0.37,0.37,0.33,0.34,0.34,799100,4,Wednesday
7/7/2016,0.36,0.36,0.33,0.34,0.34,983000,5,Thursday
7/8/2016,0.35,0.45,0.34,0.42,0.42,2526900,6,Friday
7/11/2016,0.45,0.58,0.45,0.54,0.54,5857600,2,Monday
7/12/2016,0.53,0.53,0.47,0.47,0.47,2071100,3,Tuesday
7/13/2016,0.47,0.49,0.44,0.45,0.45,802500,4,Wednesday
7/14/2016,0.46,0.53,0.45,0.53,0.53,2334900,5,Thursday
7/15/2016,0.51,0.54,0.49,0.5,0.5,1417100,6,Friday
7/18/2016,0.55,0.55,0.49,0.49,0.49,813900,2,Monday
7/19/2016,0.49,0.49,0.46,0.47,0.47,597000,3,Tuesday
7/20/2016,0.45,0.46,0.44,0.44,0.44,896400,4,Wednesday
7/21/2016,0.44,0.47,0.44,0.46,0.46,717500,5,Thursday
7/22/2016,0.46,0.46,0.44,0.44,0.44,263800,6,Friday
7/25/2016,0.44,0.45,0.42,0.44,0.44,720100,2,Monday
7/26/2016,0.44,0.46,0.43,0.45,0.45,440600,3,Tuesday
7/27/2016,0.46,0.48,0.44,0.47,0.47,678600,4,Wednesday
7/28/2016,0.44,0.52,0.44,0.52,0.52,2529800,5,Thursday
7/29/2016,0.52,0.55,0.52,0.54,0.54,1505300,6,Friday
8/1/2016,0.55,0.69,0.55,0.64,0.64,2659200,2,Monday
8/2/2016,0.59,0.61,0.56,0.6,0.6,2430400,3,Tuesday
8/3/2016,0.61,0.69,0.61,0.65,0.65,2091100,4,Wednesday
8/4/2016,0.67,0.7,0.66,0.68,0.68,2319000,5,Thursday
8/5/2016,0.68,0.7,0.66,0.7,0.7,1984300,6,Friday
8/8/2016,0.74,0.79,0.73,0.77,0.77,2502200,2,Monday
8/9/2016,0.78,0.8,0.7,0.71,0.71,2440700,3,Tuesday
8/10/2016,0.72,0.76,0.7,0.74,0.74,1873500,4,Wednesday
8/11/2016,0.75,0.75,0.7,0.72,0.72,1488000,5,Thursday
8/12/2016,0.84,0.89,0.81,0.85,0.85,8233900,6,Friday
8/15/2016,0.89,0.99,0.87,0.94,0.94,6363500,2,Monday
8/16/2016,1,1.16,0.99,1.04,1.04,10306900,3,Tuesday
8/17/2016,1.02,1.05,0.85,0.96,0.96,7325400,4,Wednesday
8/18/2016,1,1.05,0.89,0.95,0.95,3495700,5,Thursday
8/19/2016,0.88,0.92,0.85,0.89,0.89,2322000,6,Friday
8/22/2016,0.86,0.89,0.75,0.79,0.79,4626600,2,Monday
8/23/2016,0.76,0.85,0.75,0.85,0.85,2606100,3,Tuesday
8/24/2016,0.83,0.84,0.75,0.78,0.78,2138700,4,Wednesday
8/25/2016,0.76,0.81,0.75,0.8,0.8,1554000,5,Thursday
8/26/2016,0.8,0.84,0.77,0.78,0.78,1262300,6,Friday
8/29/2016,0.79,0.79,0.76,0.76,0.76,989300,2,Monday
8/30/2016,0.75,0.78,0.73,0.74,0.74,1835500,3,Tuesday
8/31/2016,0.73,0.73,0.68,0.69,0.69,1330000,4,Wednesday
9/1/2016,0.71,0.75,0.67,0.74,0.74,1730700,5,Thursday
9/2/2016,0.76,0.79,0.72,0.79,0.79,1752900,6,Friday
9/6/2016,0.81,0.87,0.81,0.85,0.85,1503800,3,Tuesday
9/7/2016,0.87,0.88,0.8,0.83,0.83,1602400,4,Wednesday
9/8/2016,0.84,0.85,0.81,0.84,0.84,719400,5,Thursday
9/9/2016,0.85,0.85,0.78,0.79,0.79,1455900,6,Friday
9/12/2016,0.79,0.8,0.75,0.8,0.8,654400,2,Monday
9/13/2016,0.78,0.79,0.75,0.78,0.78,514400,3,Tuesday
9/14/2016,0.77,0.79,0.77,0.78,0.78,503300,4,Wednesday
9/15/2016,0.76,0.77,0.74,0.75,0.75,543800,5,Thursday
9/16/2016,0.74,0.75,0.74,0.74,0.74,339700,6,Friday
9/19/2016,0.75,0.77,0.73,0.74,0.74,451800,2,Monday
9/20/2016,0.74,0.76,0.73,0.75,0.75,343400,3,Tuesday
9/21/2016,0.75,0.84,0.75,0.83,0.83,1184300,4,Wednesday
9/22/2016,0.85,0.9,0.79,0.81,0.81,1180600,5,Thursday
9/23/2016,0.8,0.85,0.78,0.79,0.79,565600,6,Friday
9/26/2016,0.8,0.82,0.74,0.76,0.76,548000,2,Monday
9/27/2016,0.72,0.76,0.72,0.73,0.73,733100,3,Tuesday
9/28/2016,0.72,0.75,0.68,0.75,0.75,954300,4,Wednesday
9/29/2016,0.75,0.75,0.7,0.71,0.71,679400,5,Thursday
9/30/2016,0.74,0.74,0.69,0.71,0.71,510100,6,Friday
10/3/2016,0.72,0.72,0.68,0.7,0.7,607300,2,Monday
10/4/2016,0.68,0.68,0.6,0.64,0.64,1897500,3,Tuesday
10/5/2016,0.64,0.65,0.62,0.64,0.64,750700,4,Wednesday
10/6/2016,0.6,0.63,0.57,0.58,0.58,1355000,5,Thursday
10/7/2016,0.6,0.64,0.6,0.62,0.62,495000,6,Friday
10/10/2016,0.64,0.67,0.62,0.66,0.66,722100,2,Monday
10/11/2016,0.62,0.65,0.6,0.6,0.6,599800,3,Tuesday
10/12/2016,0.6,0.6,0.57,0.58,0.58,674000,4,Wednesday
10/13/2016,0.57,0.61,0.54,0.61,0.61,1029000,5,Thursday
10/14/2016,0.61,0.63,0.59,0.62,0.62,459300,6,Friday
10/17/2016,0.63,0.64,0.6,0.6,0.6,543200,2,Monday
10/18/2016,0.61,0.69,0.61,0.68,0.68,1450500,3,Tuesday
10/19/2016,0.69,0.74,0.69,0.69,0.69,1549600,4,Wednesday
10/20/2016,0.72,0.72,0.67,0.7,0.7,579100,5,Thursday
10/21/2016,0.71,0.71,0.68,0.69,0.69,551100,6,Friday
10/24/2016,0.71,0.79,0.7,0.74,0.74,1727200,2,Monday
10/25/2016,0.77,0.77,0.74,0.75,0.75,987200,3,Tuesday
10/26/2016,0.75,0.75,0.73,0.73,0.73,406800,4,Wednesday
10/27/2016,0.73,0.75,0.7,0.73,0.73,811200,5,Thursday
10/28/2016,0.77,1.04,0.77,0.85,0.85,7081400,6,Friday
10/31/2016,0.82,0.91,0.81,0.84,0.84,2822300,2,Monday
11/1/2016,0.87,0.92,0.84,0.85,0.85,1807300,3,Tuesday
11/2/2016,0.86,0.88,0.83,0.84,0.84,2202700,4,Wednesday
11/3/2016,0.86,0.86,0.76,0.77,0.77,1397100,5,Thursday
11/4/2016,0.79,0.79,0.71,0.73,0.73,2033600,6,Friday
11/7/2016,0.75,0.75,0.7,0.75,0.75,1738500,2,Monday
11/8/2016,0.75,0.78,0.74,0.75,0.75,1095800,3,Tuesday
11/9/2016,0.94,0.94,0.85,0.93,0.93,5738000,4,Wednesday
11/10/2016,0.92,0.93,0.88,0.89,0.89,1478400,5,Thursday
11/11/2016,0.88,0.9,0.82,0.89,0.89,1584500,6,Friday
11/14/2016,0.88,0.91,0.86,0.89,0.89,2668100,2,Monday
11/15/2016,0.92,1.24,0.91,1.24,1.24,8815200,3,Tuesday
11/16/2016,1.28,1.55,1.16,1.32,1.32,13831800,4,Wednesday
11/17/2016,1.32,1.33,1.16,1.22,1.22,3801500,5,Thursday
11/18/2016,1.18,1.4,1.13,1.36,1.36,3369500,6,Friday
11/21/2016,1.39,1.42,1.24,1.31,1.31,3011200,2,Monday
11/22/2016,1.34,1.34,1.25,1.29,1.29,1411800,3,Tuesday
11/23/2016,1.19,1.3,1.17,1.29,1.29,2573800,4,Wednesday
11/25/2016,1.25,1.28,1.21,1.26,1.26,740900,6,Friday
11/28/2016,1.28,1.3,1.2,1.23,1.23,1489900,2,Monday
11/29/2016,1.2,1.25,1.19,1.23,1.23,795500,3,Tuesday
11/30/2016,1.23,1.24,1.19,1.2,1.2,1140500,4,Wednesday
12/1/2016,1.17,1.2,1.14,1.19,1.19,1585400,5,Thursday
12/2/2016,1.19,1.5,1.18,1.45,1.45,7812900,6,Friday
12/5/2016,1.47,1.5,1.38,1.48,1.48,3178500,2,Monday
12/6/2016,1.47,1.52,1.4,1.42,1.42,3331700,3,Tuesday
12/7/2016,1.46,1.63,1.45,1.52,1.52,5312700,4,Wednesday
12/8/2016,1.62,1.94,1.54,1.91,1.91,7446300,5,Thursday
12/9/2016,2.02,2.05,1.63,1.75,1.75,8664300,6,Friday
12/12/2016,1.75,1.75,1.65,1.67,1.67,2044900,2,Monday
12/13/2016,1.66,1.69,1.52,1.67,1.67,3098200,3,Tuesday
12/14/2016,1.7,1.8,1.63,1.65,1.65,2806900,4,Wednesday
12/15/2016,1.58,1.69,1.53,1.62,1.62,2410500,5,Thursday
12/16/2016,1.61,1.65,1.55,1.59,1.59,1571500,6,Friday
12/19/2016,1.61,1.77,1.57,1.75,1.75,2057000,2,Monday
12/20/2016,1.73,1.79,1.66,1.78,1.78,1903500,3,Tuesday
12/21/2016,1.8,1.85,1.66,1.72,1.72,2175300,4,Wednesday
12/22/2016,1.74,1.78,1.68,1.72,1.72,1834800,5,Thursday
12/23/2016,1.75,1.95,1.72,1.89,1.89,4068600,6,Friday
12/27/2016,2,2.5,1.97,2.46,2.46,11016200,3,Tuesday
12/28/2016,2.25,2.3,2.05,2.17,2.17,9343200,4,Wednesday
12/29/2016,2.23,2.25,2.11,2.22,2.22,3741500,5,Thursday
12/30/2016,2.23,2.23,2.01,2.07,2.07,5067400,6,Friday
1/3/2017,2.05,2.07,1.9,1.94,1.94,5362000,3,Tuesday
1/4/2017,1.94,1.94,1.72,1.88,1.88,5446000,4,Wednesday
1/5/2017,1.89,2.07,1.88,2.05,2.05,4207500,5,Thursday
1/6/2017,2.02,2.05,1.91,1.92,1.92,2576700,6,Friday
1/9/2017,2.03,2.08,1.95,2.04,2.04,5626900,2,Monday
1/10/2017,2.06,2.19,2.05,2.08,2.08,4210500,3,Tuesday
1/11/2017,2.1,2.13,2.07,2.11,2.11,3024800,4,Wednesday
1/12/2017,2.02,2.14,1.93,2.09,2.09,5778500,5,Thursday
1/13/2017,2.05,2.35,2.05,2.28,2.28,6311500,6,Friday
1/17/2017,2.49,2.59,2.43,2.5,2.5,10715400,3,Tuesday
1/18/2017,2.6,2.61,2.5,2.53,2.53,7656800,4,Wednesday
1/19/2017,2.5,2.52,2.28,2.46,2.46,7500800,5,Thursday
1/20/2017,2.5,2.75,2.48,2.63,2.63,9078700,6,Friday
1/23/2017,2.78,2.96,2.7,2.96,2.96,14975000,2,Monday
1/24/2017,3.16,3.45,3.06,3.32,3.32,30999400,3,Tuesday
1/25/2017,3.17,3.2,2.75,3.11,3.11,15085000,4,Wednesday
1/26/2017,2.94,3,2.75,2.95,2.95,11337300,5,Thursday
1/27/2017,2.89,3.06,2.86,3,3,6132400,6,Friday
1/30/2017,3,3.19,2.9,2.99,2.99,10771400,2,Monday
1/31/2017,3.06,3.06,2.84,2.9,2.9,7207100,3,Tuesday
2/1/2017,2.9,3.04,2.8,3.04,3.04,7818500,4,Wednesday
2/2/2017,3.07,3.08,2.96,2.97,2.97,5479600,5,Thursday
2/3/2017,3,3,2.9,2.93,2.93,4127600,6,Friday
2/6/2017,2.95,3.05,2.95,3.01,3.01,5061200,2,Monday
2/7/2017,3.01,3.05,2.93,2.96,2.96,4995300,3,Tuesday
2/8/2017,3.03,3.05,2.86,3.05,3.05,8239600,4,Wednesday
2/9/2017,3.07,3.07,2.92,3.04,3.04,7468900,5,Thursday
2/10/2017,3.01,3.41,2.96,3.36,3.36,12718700,6,Friday
2/13/2017,3.35,3.4,3.17,3.18,3.18,8753000,2,Monday
2/14/2017,3.01,3.02,1.92,2.5,2.5,65061200,3,Tuesday
2/15/2017,2.46,2.68,2.01,2.54,2.54,19038000,4,Wednesday
2/16/2017,2.54,2.66,2.24,2.26,2.26,14445700,5,Thursday
2/17/2017,2.34,2.47,2.18,2.26,2.26,13197100,6,Friday
2/21/2017,2.3,2.32,1.59,1.66,1.66,33628200,3,Tuesday
2/22/2017,1.5,1.66,1.37,1.39,1.39,27581900,4,Wednesday
2/23/2017,1.67,1.87,1.58,1.65,1.65,30089100,5,Thursday
2/24/2017,1.7,1.76,1.47,1.55,1.55,17212200,6,Friday
2/27/2017,1.57,1.75,1.55,1.58,1.58,10744600,2,Monday
2/28/2017,1.63,1.69,1.45,1.54,1.54,10905800,3,Tuesday
3/1/2017,1.54,1.67,1.51,1.6,1.6,11830700,4,Wednesday
3/2/2017,1.6,1.6,1.45,1.48,1.48,6749700,5,Thursday
3/3/2017,1.46,1.49,1.29,1.44,1.44,8218900,6,Friday
3/6/2017,1.4,1.43,1.35,1.4,1.4,3222200,2,Monday
3/7/2017,1.36,1.37,1.18,1.19,1.19,13523300,3,Tuesday
3/8/2017,1.18,1.34,1.08,1.32,1.32,11235500,4,Wednesday
3/9/2017,1.3,1.33,1.21,1.23,1.23,4754500,5,Thursday
3/10/2017,1.23,1.27,1.17,1.19,1.19,4334800,6,Friday
3/13/2017,1.24,1.27,1.16,1.2,1.2,4184900,2,Monday
3/14/2017,1.19,1.21,1.06,1.08,1.08,6270800,3,Tuesday
3/15/2017,1.1,1.27,1.07,1.26,1.26,6603500,4,Wednesday
3/16/2017,1.34,1.36,1.21,1.23,1.23,4855400,5,Thursday
3/17/2017,1.22,1.35,1.21,1.35,1.35,4027300,6,Friday
3/20/2017,1.37,1.58,1.36,1.57,1.57,8785100,2,Monday
3/21/2017,1.59,1.6,1.38,1.42,1.42,6872400,3,Tuesday
3/22/2017,1.42,1.43,1.31,1.4,1.4,3584900,4,Wednesday
3/23/2017,1.39,1.39,1.33,1.35,1.35,1987700,5,Thursday
3/24/2017,1.38,1.4,1.31,1.34,1.34,2261800,6,Friday
3/27/2017,1.35,1.44,1.33,1.43,1.43,3287900,2,Monday
3/28/2017,1.45,1.46,1.36,1.38,1.38,2439700,3,Tuesday
3/29/2017,1.4,1.45,1.38,1.44,1.44,2118500,4,Wednesday
3/30/2017,1.45,1.5,1.39,1.42,1.42,2649300,5,Thursday
3/31/2017,1.41,1.45,1.38,1.43,1.43,3316400,6,Friday
4/3/2017,1.44,1.44,1.4,1.41,1.41,2107900,2,Monday
4/4/2017,1.41,1.43,1.33,1.34,1.34,3179500,3,Tuesday
4/5/2017,1.35,1.35,1.21,1.23,1.23,5150300,4,Wednesday
4/6/2017,1.23,1.25,1.22,1.24,1.24,1284600,5,Thursday
4/7/2017,1.26,1.3,1.25,1.27,1.27,1516300,6,Friday
4/10/2017,1.3,1.4,1.28,1.39,1.39,3068700,2,Monday
4/11/2017,1.39,1.42,1.34,1.38,1.38,2943400,3,Tuesday
4/12/2017,1.55,1.85,1.47,1.82,1.82,23967300,4,Wednesday
4/13/2017,1.8,1.81,1.61,1.64,1.64,9108700,5,Thursday
4/17/2017,1.6,1.7,1.49,1.54,1.54,4750900,2,Monday
4/18/2017,1.53,1.55,1.46,1.52,1.52,3309200,3,Tuesday
4/19/2017,1.5,1.52,1.43,1.44,1.44,3276800,4,Wednesday
4/20/2017,1.42,1.53,1.42,1.49,1.49,2656900,5,Thursday
4/21/2017,1.5,1.52,1.46,1.51,1.51,1304500,6,Friday
4/24/2017,1.48,1.53,1.46,1.49,1.49,1999800,2,Monday
4/25/2017,1.5,1.52,1.46,1.5,1.5,2098700,3,Tuesday
4/26/2017,1.5,1.73,1.5,1.65,1.65,6997200,4,Wednesday
4/27/2017,1.7,1.71,1.47,1.53,1.53,4842600,5,Thursday
4/28/2017,1.55,1.6,1.53,1.6,1.6,1761700,6,Friday
5/1/2017,1.6,1.65,1.55,1.57,1.57,1825100,2,Monday
5/2/2017,1.58,1.63,1.56,1.61,1.61,2784600,3,Tuesday
5/3/2017,1.61,1.63,1.47,1.51,1.51,4470300,4,Wednesday
5/4/2017,1.48,1.48,1.37,1.47,1.47,3846600,5,Thursday
5/5/2017,1.72,1.72,1.57,1.6,1.6,12231800,6,Friday
5/8/2017,1.64,1.89,1.62,1.83,1.83,15270100,2,Monday
5/9/2017,1.88,2.09,1.87,2.08,2.08,15677300,3,Tuesday
5/10/2017,2.18,2.31,1.64,2.04,2.04,26577100,4,Wednesday
5/11/2017,2.03,2.2,1.92,2.17,2.17,9517900,5,Thursday
5/12/2017,2.42,2.42,1.65,1.86,1.86,35549400,6,Friday
5/15/2017,1.88,1.95,1.66,1.83,1.83,11652500,2,Monday
5/16/2017,1.8,1.83,1.74,1.81,1.81,3714000,3,Tuesday
5/17/2017,1.79,1.9,1.75,1.79,1.79,4847300,4,Wednesday
5/18/2017,1.78,1.79,1.7,1.73,1.73,4240300,5,Thursday
5/19/2017,1.74,1.8,1.71,1.77,1.77,2649300,6,Friday
5/22/2017,1.77,1.83,1.75,1.8,1.8,2401800,2,Monday
5/23/2017,1.79,1.83,1.72,1.74,1.74,2562600,3,Tuesday
5/24/2017,1.74,1.74,1.61,1.66,1.66,3911300,4,Wednesday
5/25/2017,1.63,1.66,1.6,1.66,1.66,2859500,5,Thursday
5/26/2017,1.68,1.75,1.65,1.73,1.73,3379300,6,Friday
5/30/2017,1.72,1.74,1.64,1.65,1.65,2347200,3,Tuesday
5/31/2017,1.65,1.67,1.55,1.55,1.55,3729200,4,Wednesday
6/1/2017,1.55,1.59,1.47,1.51,1.51,4303600,5,Thursday
6/2/2017,1.48,1.53,1.48,1.53,1.53,2123000,6,Friday
6/5/2017,1.56,1.8,1.56,1.79,1.79,7865500,2,Monday
6/6/2017,1.81,1.97,1.66,1.68,1.68,10719900,3,Tuesday
6/7/2017,1.64,1.78,1.64,1.68,1.68,4304200,4,Wednesday
6/8/2017,1.69,1.77,1.67,1.73,1.73,3267100,5,Thursday
6/9/2017,1.73,1.74,1.62,1.65,1.65,3712600,6,Friday
6/12/2017,1.65,1.7,1.6,1.69,1.69,2246700,2,Monday
6/13/2017,1.69,1.73,1.64,1.7,1.7,1971500,3,Tuesday
6/14/2017,1.72,1.74,1.57,1.61,1.61,3464100,4,Wednesday
6/15/2017,1.57,1.61,1.52,1.52,1.52,2590700,5,Thursday
6/16/2017,1.55,1.64,1.53,1.63,1.63,2717000,6,Friday
6/19/2017,1.62,1.66,1.58,1.61,1.61,1952100,2,Monday
6/20/2017,1.56,1.58,1.52,1.55,1.55,2781000,3,Tuesday
6/21/2017,1.52,1.61,1.52,1.56,1.56,1826500,4,Wednesday
6/22/2017,1.56,1.58,1.53,1.54,1.54,2106000,5,Thursday
6/23/2017,1.53,1.54,1.46,1.48,1.48,5301800,6,Friday
6/26/2017,1.48,1.5,1.39,1.43,1.43,4126200,2,Monday
6/27/2017,1.42,1.44,1.35,1.36,1.36,3863800,3,Tuesday
6/28/2017,1.35,1.49,1.34,1.46,1.46,3708600,4,Wednesday
6/29/2017,1.42,1.45,1.35,1.4,1.4,2777400,5,Thursday
6/30/2017,1.38,1.4,1.36,1.39,1.39,1194600,6,Friday
7/3/2017,1.36,1.39,1.36,1.38,1.38,504000,2,Monday
7/5/2017,1.38,1.41,1.35,1.35,1.35,1643300,4,Wednesday
7/6/2017,1.35,1.36,1.22,1.25,1.25,5925000,5,Thursday
7/7/2017,1.25,1.28,1.21,1.26,1.26,2428400,6,Friday
7/10/2017,1.28,1.36,1.24,1.35,1.35,2486400,2,Monday
7/11/2017,1.35,1.48,1.33,1.46,1.46,4658900,3,Tuesday
7/12/2017,1.55,1.64,1.41,1.44,1.44,10169900,4,Wednesday
7/13/2017,1.45,1.46,1.34,1.4,1.4,2852600,5,Thursday
7/14/2017,1.4,1.49,1.4,1.49,1.49,2489300,6,Friday
7/17/2017,1.47,1.52,1.44,1.46,1.46,2111300,2,Monday
7/18/2017,1.43,1.45,1.38,1.4,1.4,2174600,3,Tuesday
7/19/2017,1.4,1.43,1.37,1.43,1.43,2259700,4,Wednesday
7/20/2017,1.42,1.44,1.36,1.39,1.39,2263700,5,Thursday
7/21/2017,1.37,1.39,1.34,1.36,1.36,1437000,6,Friday
7/24/2017,1.36,1.4,1.35,1.39,1.39,1711700,2,Monday
7/25/2017,1.4,1.44,1.38,1.43,1.43,2338100,3,Tuesday
7/26/2017,1.44,1.44,1.38,1.43,1.43,2047200,4,Wednesday
7/27/2017,1.41,1.42,1.38,1.39,1.39,1262200,5,Thursday
7/28/2017,1.4,1.46,1.39,1.44,1.44,1695900,6,Friday
7/31/2017,1.44,1.45,1.39,1.41,1.41,1033100,2,Monday
8/1/2017,1.41,1.43,1.39,1.43,1.43,852400,3,Tuesday
8/2/2017,1.43,1.48,1.4,1.42,1.42,1442500,4,Wednesday
8/3/2017,1.4,1.43,1.4,1.42,1.42,1124200,5,Thursday
8/4/2017,1.41,1.43,1.4,1.41,1.41,968600,6,Friday
8/7/2017,1.39,1.41,1.34,1.39,1.39,1611700,2,Monday
8/8/2017,1.39,1.46,1.39,1.42,1.42,2237900,3,Tuesday
8/9/2017,1.45,1.45,1.38,1.39,1.39,1372300,4,Wednesday
8/10/2017,1.41,1.42,1.36,1.38,1.38,1520200,5,Thursday
8/11/2017,1.35,1.42,1.35,1.4,1.4,1081500,6,Friday
8/14/2017,1.36,1.42,1.36,1.42,1.42,1101300,2,Monday
8/15/2017,1.39,1.41,1.38,1.39,1.39,1081800,3,Tuesday
8/16/2017,1.39,1.52,1.38,1.49,1.49,4041900,4,Wednesday
8/17/2017,1.49,1.6,1.45,1.56,1.56,4050800,5,Thursday
8/18/2017,1.59,1.6,1.45,1.46,1.46,3013600,6,Friday
8/21/2017,1.45,1.52,1.45,1.47,1.47,868500,2,Monday
8/22/2017,1.58,1.65,1.51,1.63,1.63,7081100,3,Tuesday
8/23/2017,1.64,1.65,1.56,1.62,1.62,2514100,4,Wednesday
8/24/2017,1.64,1.75,1.6,1.75,1.75,4737600,5,Thursday
8/25/2017,1.75,1.85,1.72,1.78,1.78,5718100,6,Friday
8/28/2017,1.8,1.85,1.74,1.76,1.76,5183400,2,Monday
8/29/2017,1.78,1.78,1.62,1.68,1.68,5044100,3,Tuesday
8/30/2017,1.66,1.71,1.61,1.7,1.7,2281200,4,Wednesday
8/31/2017,1.72,1.8,1.71,1.79,1.79,2986600,5,Thursday
9/1/2017,1.75,1.84,1.72,1.81,1.81,2484300,6,Friday
9/5/2017,1.85,1.9,1.78,1.79,1.79,5063200,3,Tuesday
9/6/2017,1.79,1.84,1.72,1.8,1.8,2776700,4,Wednesday
9/7/2017,1.8,1.85,1.77,1.82,1.82,2187300,5,Thursday
9/8/2017,1.82,1.83,1.75,1.82,1.82,2066100,6,Friday
9/11/2017,1.8,1.85,1.77,1.8,1.8,2001100,2,Monday
9/12/2017,1.8,1.84,1.78,1.81,1.81,2314900,3,Tuesday
9/13/2017,1.8,1.85,1.78,1.8,1.8,2179500,4,Wednesday
9/14/2017,1.8,1.84,1.77,1.84,1.84,1724800,5,Thursday
9/15/2017,1.8,1.85,1.79,1.82,1.82,1263200,6,Friday
9/18/2017,1.8,1.85,1.8,1.83,1.83,1639100,2,Monday
9/19/2017,1.85,1.98,1.85,1.9,1.9,6297200,3,Tuesday
9/20/2017,1.97,1.99,1.89,1.95,1.95,3407000,4,Wednesday
9/21/2017,1.96,1.96,1.88,1.88,1.88,2239100,5,Thursday
9/22/2017,1.88,1.93,1.82,1.88,1.88,2399200,6,Friday
9/25/2017,1.78,1.83,1.68,1.74,1.74,4941200,2,Monday
9/26/2017,1.75,1.88,1.69,1.88,1.88,4350500,3,Tuesday
9/27/2017,1.89,1.89,1.76,1.85,1.85,2822500,4,Wednesday
9/28/2017,1.84,1.86,1.79,1.82,1.82,1717600,5,Thursday
9/29/2017,1.84,1.84,1.77,1.8,1.8,1618000,6,Friday
10/2/2017,1.79,1.8,1.71,1.74,1.74,2219900,2,Monday
10/3/2017,1.75,1.76,1.71,1.72,1.72,1523600,3,Tuesday
10/4/2017,1.7,1.75,1.69,1.74,1.74,1737900,4,Wednesday
10/5/2017,1.77,1.82,1.73,1.77,1.77,2116700,5,Thursday
10/6/2017,1.78,1.95,1.72,1.93,1.93,6002700,6,Friday
10/9/2017,1.96,2.08,1.89,1.94,1.94,4116100,2,Monday
10/10/2017,1.92,1.94,1.85,1.88,1.88,2161300,3,Tuesday
10/11/2017,1.94,2.04,1.9,2.03,2.03,5928800,4,Wednesday
10/12/2017,2.07,2.19,2.02,2.17,2.17,8553900,5,Thursday
10/13/2017,2.22,2.25,2.07,2.12,2.12,6709000,6,Friday
10/16/2017,2.16,2.18,2,2.05,2.05,5570200,2,Monday
10/17/2017,2.05,2.07,1.95,1.99,1.99,4417100,3,Tuesday
10/18/2017,1.96,2.12,1.93,2.09,2.09,4576700,4,Wednesday
10/19/2017,2.12,2.12,1.99,2.03,2.03,2437800,5,Thursday
10/20/2017,2,2.08,2,2.05,2.05,2624900,6,Friday
10/23/2017,2,2.08,1.97,1.97,1.97,2833700,2,Monday
10/24/2017,1.97,1.98,1.88,1.91,1.91,3249600,3,Tuesday
10/25/2017,1.91,1.98,1.85,1.89,1.89,2957500,4,Wednesday
10/26/2017,1.9,1.92,1.85,1.88,1.88,2182800,5,Thursday
10/27/2017,1.92,2.03,1.86,1.99,1.99,2839000,6,Friday
10/30/2017,1.92,2.07,1.92,2.02,2.02,2367600,2,Monday
10/31/2017,2.02,2.04,1.91,1.98,1.98,1926600,3,Tuesday
11/1/2017,1.95,2.03,1.95,1.96,1.96,1701400,4,Wednesday
11/2/2017,1.97,2.01,1.92,1.92,1.92,2725000,5,Thursday
11/3/2017,1.93,1.95,1.78,1.93,1.93,6002500,6,Friday
11/6/2017,1.95,2.05,1.91,2.05,2.05,3855700,2,Monday
11/7/2017,2.06,2.06,2,2.01,2.01,1777200,3,Tuesday
11/8/2017,2.03,2.2,1.99,2.18,2.18,7273600,4,Wednesday
11/9/2017,2.2,2.24,2.11,2.14,2.14,4217400,5,Thursday
11/10/2017,2.18,2.2,2.1,2.13,2.13,2600100,6,Friday
11/13/2017,2.19,2.32,2.13,2.29,2.29,6721700,2,Monday
11/14/2017,2.3,2.34,2.16,2.17,2.17,5314200,3,Tuesday
11/15/2017,2.2,2.21,2.14,2.19,2.19,1964000,4,Wednesday
11/16/2017,2.23,2.25,2.17,2.22,2.22,3786900,5,Thursday
11/17/2017,2.18,2.21,2.11,2.12,2.12,4562000,6,Friday
11/20/2017,2.18,2.19,2.07,2.11,2.11,3877400,2,Monday
11/21/2017,2.14,2.18,2.08,2.1,2.1,2638700,3,Tuesday
11/22/2017,2.05,2.1,2.05,2.06,2.06,2174300,4,Wednesday
11/24/2017,2.09,2.11,2.03,2.07,2.07,1411700,6,Friday
11/27/2017,2.02,2.05,1.96,1.98,1.98,4081100,2,Monday
11/28/2017,1.98,2,1.9,1.97,1.97,3265100,3,Tuesday
11/29/2017,1.98,1.98,1.85,1.91,1.91,3913300,4,Wednesday
11/30/2017,1.9,2.01,1.88,1.97,1.97,2978600,5,Thursday
12/1/2017,2.01,2.07,1.95,2.04,2.04,3142400,6,Friday
12/4/2017,2.09,2.09,1.96,1.98,1.98,2071100,2,Monday
12/5/2017,1.96,2,1.9,1.94,1.94,2110600,3,Tuesday
12/6/2017,1.93,1.93,1.84,1.91,1.91,2459700,4,Wednesday
12/7/2017,1.89,1.94,1.86,1.88,1.88,1777500,5,Thursday
12/8/2017,1.89,1.96,1.89,1.93,1.93,1542900,6,Friday
12/11/2017,1.93,2.04,1.91,2.01,2.01,2724300,2,Monday
12/12/2017,2,2.04,1.97,1.98,1.98,1727300,3,Tuesday
12/13/2017,1.98,2.02,1.94,2.01,2.01,2551200,4,Wednesday
12/14/2017,2.01,2.18,2,2.13,2.13,5048600,5,Thursday
12/15/2017,2.15,2.18,2.07,2.16,2.16,2842100,6,Friday
12/18/2017,2.25,2.3,1.8,1.91,1.91,21116300,2,Monday
12/19/2017,1.86,1.99,1.8,1.8,1.8,6349200,3,Tuesday
